--------------------------------------------------------
--  File created - Saturday-May-04-2019   
--------------------------------------------------------
--------------------------------------------------------
--  DDL for Sequence SEQ_CITIZEN
--------------------------------------------------------

   CREATE SEQUENCE  "MOH_WORKFLOW_SCHEMA"."SEQ_CITIZEN"  MINVALUE 1 MAXVALUE 9999999999999999999999999999 INCREMENT BY 1 START WITH 117 CACHE 20 NOORDER  NOCYCLE  NOPARTITION ;
--------------------------------------------------------
--  DDL for Sequence SEQ_CITY
--------------------------------------------------------

   CREATE SEQUENCE  "MOH_WORKFLOW_SCHEMA"."SEQ_CITY"  MINVALUE 1 MAXVALUE 9999999999999999999999999999 INCREMENT BY 1 START WITH 570 CACHE 20 NOORDER  NOCYCLE  NOPARTITION ;
--------------------------------------------------------
--  DDL for Sequence SEQ_COMMITTEE
--------------------------------------------------------

   CREATE SEQUENCE  "MOH_WORKFLOW_SCHEMA"."SEQ_COMMITTEE"  MINVALUE 1 MAXVALUE 9999999999999999999999999999 INCREMENT BY 1 START WITH 1 CACHE 20 NOORDER  NOCYCLE  NOPARTITION ;
--------------------------------------------------------
--  DDL for Sequence SEQ_COMMITTEE_MEMBER
--------------------------------------------------------

   CREATE SEQUENCE  "MOH_WORKFLOW_SCHEMA"."SEQ_COMMITTEE_MEMBER"  MINVALUE 1 MAXVALUE 9999999999999999999999999999 INCREMENT BY 1 START WITH 1 CACHE 20 NOORDER  NOCYCLE  NOPARTITION ;
--------------------------------------------------------
--  DDL for Sequence SEQ_COUNCIL
--------------------------------------------------------

   CREATE SEQUENCE  "MOH_WORKFLOW_SCHEMA"."SEQ_COUNCIL"  MINVALUE 1 MAXVALUE 9999999999999999999999999999 INCREMENT BY 1 START WITH 1 CACHE 20 NOORDER  NOCYCLE  NOPARTITION ;
--------------------------------------------------------
--  DDL for Sequence SEQ_CUSTOM
--------------------------------------------------------

   CREATE SEQUENCE  "MOH_WORKFLOW_SCHEMA"."SEQ_CUSTOM"  MINVALUE 1 MAXVALUE 9999999999999999999999999999 INCREMENT BY 1 START WITH 1 CACHE 20 NOORDER  NOCYCLE  NOPARTITION ;
--------------------------------------------------------
--  DDL for Sequence SEQ_DISABILITY
--------------------------------------------------------

   CREATE SEQUENCE  "MOH_WORKFLOW_SCHEMA"."SEQ_DISABILITY"  MINVALUE 1 MAXVALUE 9999999999999999999999999999 INCREMENT BY 1 START WITH 1 CACHE 20 NOORDER  NOCYCLE  NOPARTITION ;
--------------------------------------------------------
--  DDL for Sequence SEQ_DOCUMENT_TYPE
--------------------------------------------------------

   CREATE SEQUENCE  "MOH_WORKFLOW_SCHEMA"."SEQ_DOCUMENT_TYPE"  MINVALUE 1 MAXVALUE 9999999999999999999999999999 INCREMENT BY 1 START WITH 1 CACHE 20 NOORDER  NOCYCLE  NOPARTITION ;
--------------------------------------------------------
--  DDL for Sequence SEQ_EQUIPMENT
--------------------------------------------------------

   CREATE SEQUENCE  "MOH_WORKFLOW_SCHEMA"."SEQ_EQUIPMENT"  MINVALUE 1 MAXVALUE 9999999999999999999999999999 INCREMENT BY 1 START WITH 1 CACHE 20 NOORDER  NOCYCLE  NOPARTITION ;
--------------------------------------------------------
--  DDL for Sequence SEQ_EYE_MEASURE
--------------------------------------------------------

   CREATE SEQUENCE  "MOH_WORKFLOW_SCHEMA"."SEQ_EYE_MEASURE"  MINVALUE 1 MAXVALUE 9999999999999999999999999999 INCREMENT BY 1 START WITH 1 CACHE 20 NOORDER  NOCYCLE  NOPARTITION ;
--------------------------------------------------------
--  DDL for Sequence SEQ_GENDER
--------------------------------------------------------

   CREATE SEQUENCE  "MOH_WORKFLOW_SCHEMA"."SEQ_GENDER"  MINVALUE 1 MAXVALUE 9999999999999999999999999999 INCREMENT BY 1 START WITH 23 CACHE 20 NOORDER  NOCYCLE  NOPARTITION ;
--------------------------------------------------------
--  DDL for Sequence SEQ_GOVERNATE
--------------------------------------------------------

   CREATE SEQUENCE  "MOH_WORKFLOW_SCHEMA"."SEQ_GOVERNATE"  MINVALUE 1 MAXVALUE 9999999999999999999999999999 INCREMENT BY 1 START WITH 147 CACHE 20 NOORDER  NOCYCLE  NOPARTITION ;
--------------------------------------------------------
--  DDL for Sequence SEQ_OCCUPATION
--------------------------------------------------------

   CREATE SEQUENCE  "MOH_WORKFLOW_SCHEMA"."SEQ_OCCUPATION"  MINVALUE 1 MAXVALUE 9999999999999999999999999999 INCREMENT BY 1 START WITH 74 CACHE 20 NOORDER  NOCYCLE  NOPARTITION ;
--------------------------------------------------------
--  DDL for Sequence SEQ_REQUEST
--------------------------------------------------------

   CREATE SEQUENCE  "MOH_WORKFLOW_SCHEMA"."SEQ_REQUEST"  MINVALUE 1 MAXVALUE 9999999999999999999999999999 INCREMENT BY 1 START WITH 1 CACHE 20 NOORDER  NOCYCLE  NOPARTITION ;
--------------------------------------------------------
--  DDL for Sequence SEQ_REQUEST_DETAIL
--------------------------------------------------------

   CREATE SEQUENCE  "MOH_WORKFLOW_SCHEMA"."SEQ_REQUEST_DETAIL"  MINVALUE 1 MAXVALUE 9999999999999999999999999999 INCREMENT BY 1 START WITH 1 CACHE 20 NOORDER  NOCYCLE  NOPARTITION ;
--------------------------------------------------------
--  DDL for Sequence SEQ_REQUEST_DOCUMENT
--------------------------------------------------------

   CREATE SEQUENCE  "MOH_WORKFLOW_SCHEMA"."SEQ_REQUEST_DOCUMENT"  MINVALUE 1 MAXVALUE 9999999999999999999999999999 INCREMENT BY 1 START WITH 1 CACHE 20 NOORDER  NOCYCLE  NOPARTITION ;
--------------------------------------------------------
--  DDL for Sequence SEQ_REQUEST_STATUS
--------------------------------------------------------

   CREATE SEQUENCE  "MOH_WORKFLOW_SCHEMA"."SEQ_REQUEST_STATUS"  MINVALUE 1 MAXVALUE 9999999999999999999999999999 INCREMENT BY 1 START WITH 1 CACHE 20 NOORDER  NOCYCLE  NOPARTITION ;
--------------------------------------------------------
--  DDL for Sequence SEQ_REQUEST_TYPE
--------------------------------------------------------

   CREATE SEQUENCE  "MOH_WORKFLOW_SCHEMA"."SEQ_REQUEST_TYPE"  MINVALUE 1 MAXVALUE 9999999999999999999999999999 INCREMENT BY 1 START WITH 1 CACHE 20 NOORDER  NOCYCLE  NOPARTITION ;
--------------------------------------------------------
--  DDL for Sequence SEQ_ROLE
--------------------------------------------------------

   CREATE SEQUENCE  "MOH_WORKFLOW_SCHEMA"."SEQ_ROLE"  MINVALUE 1 MAXVALUE 9999999999999999999999999999 INCREMENT BY 1 START WITH 1 CACHE 20 NOORDER  NOCYCLE  NOPARTITION ;
--------------------------------------------------------
--  DDL for Sequence SEQ_TRAFFIC_MANAGEMENT
--------------------------------------------------------

   CREATE SEQUENCE  "MOH_WORKFLOW_SCHEMA"."SEQ_TRAFFIC_MANAGEMENT"  MINVALUE 1 MAXVALUE 9999999999999999999999999999 INCREMENT BY 1 START WITH 1 CACHE 20 NOORDER  NOCYCLE  NOPARTITION ;
--------------------------------------------------------
--  DDL for Sequence SEQ_USER
--------------------------------------------------------

   CREATE SEQUENCE  "MOH_WORKFLOW_SCHEMA"."SEQ_USER"  MINVALUE 1 MAXVALUE 9999999999999999999999999999 INCREMENT BY 1 START WITH 1 CACHE 20 NOORDER  NOCYCLE  NOPARTITION ;
--------------------------------------------------------
--  DDL for Sequence SEQ_ZONE
--------------------------------------------------------

   CREATE SEQUENCE  "MOH_WORKFLOW_SCHEMA"."SEQ_ZONE"  MINVALUE 1 MAXVALUE 9999999999999999999999999999 INCREMENT BY 1 START WITH 1 CACHE 20 NOORDER  NOCYCLE  NOPARTITION ;
--------------------------------------------------------
--  DDL for Table CITIZEN
--------------------------------------------------------

  CREATE TABLE "MOH_WORKFLOW_SCHEMA"."CITIZEN" 
   (	"CITIZEN_ID" NUMBER DEFAULT "MOH_WORKFLOW_SCHEMA"."SEQ_CITIZEN"."NEXTVAL", 
	"NATIONAL_ID" NUMBER, 
	"CITIZEN_NAME" VARCHAR2(200 CHAR), 
	"BIRTH_DATE" DATE, 
	"GENDER_ID" NUMBER, 
	"GOVERNATE_ID" NUMBER, 
	"CITY_ID" NUMBER, 
	"ADDRESS" VARCHAR2(300 CHAR), 
	"OCCUPATION_ID" NUMBER, 
	"MOBILE_NO" VARCHAR2(15 CHAR), 
	"CREATED_BY" VARCHAR2(250 BYTE), 
	"CREATED_DATE" DATE DEFAULT systimestamp, 
	"MODIFIED_BY" VARCHAR2(250 BYTE), 
	"MODIFIED_DATE" TIMESTAMP (6) DEFAULT systimestamp
   ) SEGMENT CREATION IMMEDIATE 
  PCTFREE 10 PCTUSED 40 INITRANS 1 MAXTRANS 255 
 NOCOMPRESS LOGGING
  STORAGE(INITIAL 65536 NEXT 1048576 MINEXTENTS 1 MAXEXTENTS 2147483645
  PCTINCREASE 0 FREELISTS 1 FREELIST GROUPS 1
  BUFFER_POOL DEFAULT FLASH_CACHE DEFAULT CELL_FLASH_CACHE DEFAULT)
  TABLESPACE "USERS" ;
--------------------------------------------------------
--  DDL for Table CITY
--------------------------------------------------------

  CREATE TABLE "MOH_WORKFLOW_SCHEMA"."CITY" 
   (	"CITY_ID" NUMBER DEFAULT "MOH_WORKFLOW_SCHEMA"."SEQ_CITY"."NEXTVAL", 
	"CITY_NAME" VARCHAR2(300 BYTE), 
	"GOVERNATE_ID" NUMBER
   ) SEGMENT CREATION IMMEDIATE 
  PCTFREE 10 PCTUSED 40 INITRANS 1 MAXTRANS 255 
 NOCOMPRESS LOGGING
  STORAGE(INITIAL 65536 NEXT 1048576 MINEXTENTS 1 MAXEXTENTS 2147483645
  PCTINCREASE 0 FREELISTS 1 FREELIST GROUPS 1
  BUFFER_POOL DEFAULT FLASH_CACHE DEFAULT CELL_FLASH_CACHE DEFAULT)
  TABLESPACE "USERS" ;
--------------------------------------------------------
--  DDL for Table COMMITTEE
--------------------------------------------------------

  CREATE TABLE "MOH_WORKFLOW_SCHEMA"."COMMITTEE" 
   (	"COMMITTEE_ID" NUMBER, 
	"COMMITTEE_NAME" VARCHAR2(100 BYTE), 
	"COMMITTEE_DATE" TIMESTAMP (6) DEFAULT systimestamp, 
	"COMMITTEE_DESCRIPTION" VARCHAR2(200 BYTE), 
	"COMMITTEE_FUNCTION" VARCHAR2(100 BYTE), 
	"COMMITTEE_TYPE" VARCHAR2(100 BYTE), 
	"ZONE_ID" NUMBER, 
	"MEMBER_ONE_ID" NUMBER, 
	"MEMBER_TWO_ID" NUMBER, 
	"MEMBER_THREE_ID" NUMBER, 
	"MEMBER_FOUR_ID" NUMBER, 
	"MEMBER_FIVE_ID" NUMBER, 
	"MEMBER_SIX_ID" NUMBER
   ) SEGMENT CREATION DEFERRED 
  PCTFREE 10 PCTUSED 40 INITRANS 1 MAXTRANS 255 
 NOCOMPRESS LOGGING
  TABLESPACE "USERS" ;
--------------------------------------------------------
--  DDL for Table COMMITTEE_MEMBER
--------------------------------------------------------

  CREATE TABLE "MOH_WORKFLOW_SCHEMA"."COMMITTEE_MEMBER" 
   (	"COMMITTEE_MEMBER_ID" NUMBER, 
	"MEMBER_NAME" VARCHAR2(100 BYTE), 
	"MEMBER_TITLE" VARCHAR2(50 BYTE), 
	"MEMBER_MOBILE_NO" VARCHAR2(50 BYTE), 
	"MEMBER_DESCRIPTION" VARCHAR2(100 BYTE), 
	"ZONE_ID" NUMBER
   ) SEGMENT CREATION DEFERRED 
  PCTFREE 10 PCTUSED 40 INITRANS 1 MAXTRANS 255 
 NOCOMPRESS LOGGING
  TABLESPACE "USERS" ;
--------------------------------------------------------
--  DDL for Table CUSTOM
--------------------------------------------------------

  CREATE TABLE "MOH_WORKFLOW_SCHEMA"."CUSTOM" 
   (	"CUSTOM_ID" NUMBER, 
	"CUSTOME_NAME" VARCHAR2(300 BYTE), 
	"CUSTOM_DESCRIPTION" VARCHAR2(300 BYTE)
   ) SEGMENT CREATION IMMEDIATE 
  PCTFREE 10 PCTUSED 40 INITRANS 1 MAXTRANS 255 
 NOCOMPRESS LOGGING
  STORAGE(INITIAL 65536 NEXT 1048576 MINEXTENTS 1 MAXEXTENTS 2147483645
  PCTINCREASE 0 FREELISTS 1 FREELIST GROUPS 1
  BUFFER_POOL DEFAULT FLASH_CACHE DEFAULT CELL_FLASH_CACHE DEFAULT)
  TABLESPACE "USERS" ;
--------------------------------------------------------
--  DDL for Table DISABILITY
--------------------------------------------------------

  CREATE TABLE "MOH_WORKFLOW_SCHEMA"."DISABILITY" 
   (	"DISABILITY_ID" NUMBER, 
	"DISABILITY_NAME" VARCHAR2(400 BYTE), 
	"DISABILITY_DESCRIPTION" VARCHAR2(500 BYTE), 
	"ACCEPTED" CHAR(1 BYTE), 
	"EQUIPMENT_ID" VARCHAR2(20 BYTE)
   ) SEGMENT CREATION IMMEDIATE 
  PCTFREE 10 PCTUSED 40 INITRANS 1 MAXTRANS 255 
 NOCOMPRESS LOGGING
  STORAGE(INITIAL 65536 NEXT 1048576 MINEXTENTS 1 MAXEXTENTS 2147483645
  PCTINCREASE 0 FREELISTS 1 FREELIST GROUPS 1
  BUFFER_POOL DEFAULT FLASH_CACHE DEFAULT CELL_FLASH_CACHE DEFAULT)
  TABLESPACE "USERS" ;
--------------------------------------------------------
--  DDL for Table DOCUMENT_TYPE
--------------------------------------------------------

  CREATE TABLE "MOH_WORKFLOW_SCHEMA"."DOCUMENT_TYPE" 
   (	"DOCUMENT_TYPE_ID" NUMBER, 
	"DOCUMENT_TYPE_NAME" VARCHAR2(100 BYTE), 
	"DOCUMENT_TYPE_DESCRIPTION" VARCHAR2(300 BYTE)
   ) SEGMENT CREATION DEFERRED 
  PCTFREE 10 PCTUSED 40 INITRANS 1 MAXTRANS 255 
 NOCOMPRESS LOGGING
  TABLESPACE "USERS" ;
--------------------------------------------------------
--  DDL for Table EQUIPMENT
--------------------------------------------------------

  CREATE TABLE "MOH_WORKFLOW_SCHEMA"."EQUIPMENT" 
   (	"EQUIPMENT_ID" NUMBER, 
	"EQUIPMENT_NAME" VARCHAR2(300 BYTE), 
	"EQUIPMENT_DESCRIPTION" VARCHAR2(300 BYTE)
   ) SEGMENT CREATION DEFERRED 
  PCTFREE 10 PCTUSED 40 INITRANS 1 MAXTRANS 255 
 NOCOMPRESS LOGGING
  TABLESPACE "USERS" ;
--------------------------------------------------------
--  DDL for Table EYE_MEASURE
--------------------------------------------------------

  CREATE TABLE "MOH_WORKFLOW_SCHEMA"."EYE_MEASURE" 
   (	"MEASURE_ID" NUMBER, 
	"MEASURE_DESCRIPTION" VARCHAR2(200 BYTE), 
	"MEASURE_TITLE" VARCHAR2(100 BYTE)
   ) SEGMENT CREATION IMMEDIATE 
  PCTFREE 10 PCTUSED 40 INITRANS 1 MAXTRANS 255 
 NOCOMPRESS LOGGING
  STORAGE(INITIAL 65536 NEXT 1048576 MINEXTENTS 1 MAXEXTENTS 2147483645
  PCTINCREASE 0 FREELISTS 1 FREELIST GROUPS 1
  BUFFER_POOL DEFAULT FLASH_CACHE DEFAULT CELL_FLASH_CACHE DEFAULT)
  TABLESPACE "USERS" ;
--------------------------------------------------------
--  DDL for Table GENDER
--------------------------------------------------------

  CREATE TABLE "MOH_WORKFLOW_SCHEMA"."GENDER" 
   (	"GENDER_ID" NUMBER DEFAULT "MOH_WORKFLOW_SCHEMA"."SEQ_GENDER"."NEXTVAL", 
	"GENDER_NAME" VARCHAR2(300 BYTE)
   ) SEGMENT CREATION IMMEDIATE 
  PCTFREE 10 PCTUSED 40 INITRANS 1 MAXTRANS 255 
 NOCOMPRESS LOGGING
  STORAGE(INITIAL 65536 NEXT 1048576 MINEXTENTS 1 MAXEXTENTS 2147483645
  PCTINCREASE 0 FREELISTS 1 FREELIST GROUPS 1
  BUFFER_POOL DEFAULT FLASH_CACHE DEFAULT CELL_FLASH_CACHE DEFAULT)
  TABLESPACE "USERS" ;
--------------------------------------------------------
--  DDL for Table GOVERNATE
--------------------------------------------------------

  CREATE TABLE "MOH_WORKFLOW_SCHEMA"."GOVERNATE" 
   (	"GOVERNATE_ID" NUMBER DEFAULT "MOH_WORKFLOW_SCHEMA"."SEQ_GOVERNATE"."NEXTVAL", 
	"GOVERNATE_NAME" VARCHAR2(300 CHAR), 
	"GOVERNATE_CODE" NUMBER, 
	"ZONE_ID" NUMBER
   ) SEGMENT CREATION IMMEDIATE 
  PCTFREE 10 PCTUSED 40 INITRANS 1 MAXTRANS 255 
 NOCOMPRESS LOGGING
  STORAGE(INITIAL 65536 NEXT 1048576 MINEXTENTS 1 MAXEXTENTS 2147483645
  PCTINCREASE 0 FREELISTS 1 FREELIST GROUPS 1
  BUFFER_POOL DEFAULT FLASH_CACHE DEFAULT CELL_FLASH_CACHE DEFAULT)
  TABLESPACE "USERS" ;
--------------------------------------------------------
--  DDL for Table OCCUPATION
--------------------------------------------------------

  CREATE TABLE "MOH_WORKFLOW_SCHEMA"."OCCUPATION" 
   (	"OCCUPATION_ID" NUMBER DEFAULT "MOH_WORKFLOW_SCHEMA"."SEQ_OCCUPATION"."NEXTVAL", 
	"OCCUPATION_NAME" VARCHAR2(100 BYTE)
   ) SEGMENT CREATION IMMEDIATE 
  PCTFREE 10 PCTUSED 40 INITRANS 1 MAXTRANS 255 
 NOCOMPRESS LOGGING
  STORAGE(INITIAL 65536 NEXT 1048576 MINEXTENTS 1 MAXEXTENTS 2147483645
  PCTINCREASE 0 FREELISTS 1 FREELIST GROUPS 1
  BUFFER_POOL DEFAULT FLASH_CACHE DEFAULT CELL_FLASH_CACHE DEFAULT)
  TABLESPACE "USERS" ;
--------------------------------------------------------
--  DDL for Table REQUEST
--------------------------------------------------------

  CREATE TABLE "MOH_WORKFLOW_SCHEMA"."REQUEST" 
   (	"REQUEST_ID" NUMBER, 
	"CITIZEN_ID" NUMBER, 
	"REQUEST_DATE" TIMESTAMP (6) DEFAULT systimestamp, 
	"REQUEST_TYPE_ID" NUMBER, 
	"RECEIPT_SERIAL_NO" VARCHAR2(150 BYTE), 
	"CUSTOM_ID" NUMBER, 
	"OLD_REQUEST_ID" NUMBER, 
	"PAYMENT_DONE" NUMBER(1,0), 
	"PAYMENT_DATE" TIMESTAMP (6), 
	"COMMITTEE_ID" NUMBER, 
	"CREATED_BY" VARCHAR2(250 BYTE), 
	"MODIFIED_BY" VARCHAR2(250 BYTE), 
	"MODIFIED_DATE" TIMESTAMP (6) DEFAULT systimestamp, 
	"REQUEST_STATUS_ID" NUMBER, 
	"TRAFFIC_MANAGEMENT_ID" NUMBER, 
	"REQUEST_DETAIL_ID" NUMBER
   ) SEGMENT CREATION DEFERRED 
  PCTFREE 10 PCTUSED 40 INITRANS 1 MAXTRANS 255 
 NOCOMPRESS LOGGING
  TABLESPACE "USERS" ;
--------------------------------------------------------
--  DDL for Table REQUEST_DETAIL
--------------------------------------------------------

  CREATE TABLE "MOH_WORKFLOW_SCHEMA"."REQUEST_DETAIL" 
   (	"REQUEST_DETAIL_ID" NUMBER, 
	"RIGHT_EYE" VARCHAR2(50 BYTE), 
	"LEFT_EYE" VARCHAR2(50 BYTE), 
	"USE_GLASSES" NUMBER(1,0), 
	"DISTINGUISH_COLOR" VARCHAR2(100 BYTE), 
	"FIELD_OF_SIGHT" VARCHAR2(200 BYTE), 
	"SQUINT" VARCHAR2(200 BYTE), 
	"DISABILITY_ID" NUMBER, 
	"REJECTION_REASON" VARCHAR2(2000 BYTE), 
	"ACCEPTANCE_REASON" VARCHAR2(2000 BYTE)
   ) SEGMENT CREATION DEFERRED 
  PCTFREE 10 PCTUSED 40 INITRANS 1 MAXTRANS 255 
 NOCOMPRESS LOGGING
  TABLESPACE "USERS" ;
--------------------------------------------------------
--  DDL for Table REQUEST_DOCUMENT
--------------------------------------------------------

  CREATE TABLE "MOH_WORKFLOW_SCHEMA"."REQUEST_DOCUMENT" 
   (	"REQUEST_DOCUMENT_ID" NUMBER, 
	"REQUEST_ID" NUMBER, 
	"DCOUMENT_TYPE_ID" NUMBER, 
	"DOCUMENT_PATH" VARCHAR2(500 BYTE)
   ) SEGMENT CREATION DEFERRED 
  PCTFREE 10 PCTUSED 40 INITRANS 1 MAXTRANS 255 
 NOCOMPRESS LOGGING
  TABLESPACE "USERS" ;
--------------------------------------------------------
--  DDL for Table REQUEST_STATUS
--------------------------------------------------------

  CREATE TABLE "MOH_WORKFLOW_SCHEMA"."REQUEST_STATUS" 
   (	"REQUEST_STATUS_ID" NUMBER, 
	"REQUEST_STATUS_NAME" VARCHAR2(250 BYTE), 
	"REQUEST_STATUS_DESCRIPTION" VARCHAR2(400 BYTE)
   ) SEGMENT CREATION DEFERRED 
  PCTFREE 10 PCTUSED 40 INITRANS 1 MAXTRANS 255 
 NOCOMPRESS LOGGING
  TABLESPACE "USERS" ;
--------------------------------------------------------
--  DDL for Table REQUEST_TYPE
--------------------------------------------------------

  CREATE TABLE "MOH_WORKFLOW_SCHEMA"."REQUEST_TYPE" 
   (	"REQUEST_TYPE_ID" NUMBER, 
	"REQUEST_TYPE_NAME" VARCHAR2(200 BYTE), 
	"REQUEST_TYPE_PRICE" NUMBER(*,0), 
	"REQUEST_TYPE_DESCRIPTION" VARCHAR2(200 BYTE)
   ) SEGMENT CREATION DEFERRED 
  PCTFREE 10 PCTUSED 40 INITRANS 1 MAXTRANS 255 
 NOCOMPRESS LOGGING
  TABLESPACE "USERS" ;
--------------------------------------------------------
--  DDL for Table SYSTEM_ROLE
--------------------------------------------------------

  CREATE TABLE "MOH_WORKFLOW_SCHEMA"."SYSTEM_ROLE" 
   (	"ROLE_ID" NUMBER, 
	"ROLE_NAME" VARCHAR2(50 CHAR), 
	"ROLE_DESCRIPTION" VARCHAR2(100 BYTE)
   ) SEGMENT CREATION IMMEDIATE 
  PCTFREE 10 PCTUSED 40 INITRANS 1 MAXTRANS 255 
 NOCOMPRESS LOGGING
  STORAGE(INITIAL 65536 NEXT 1048576 MINEXTENTS 1 MAXEXTENTS 2147483645
  PCTINCREASE 0 FREELISTS 1 FREELIST GROUPS 1
  BUFFER_POOL DEFAULT FLASH_CACHE DEFAULT CELL_FLASH_CACHE DEFAULT)
  TABLESPACE "USERS" ;
--------------------------------------------------------
--  DDL for Table SYSTEM_USER
--------------------------------------------------------

  CREATE TABLE "MOH_WORKFLOW_SCHEMA"."SYSTEM_USER" 
   (	"USER_ID" NUMBER, 
	"USERNAME" VARCHAR2(50 BYTE), 
	"CREATED_DATE" TIMESTAMP (6) DEFAULT systimestamp, 
	"PASSWORD" VARCHAR2(100 BYTE), 
	"ZONE_ID" NUMBER
   ) SEGMENT CREATION IMMEDIATE 
  PCTFREE 10 PCTUSED 40 INITRANS 1 MAXTRANS 255 
 NOCOMPRESS LOGGING
  STORAGE(INITIAL 65536 NEXT 1048576 MINEXTENTS 1 MAXEXTENTS 2147483645
  PCTINCREASE 0 FREELISTS 1 FREELIST GROUPS 1
  BUFFER_POOL DEFAULT FLASH_CACHE DEFAULT CELL_FLASH_CACHE DEFAULT)
  TABLESPACE "USERS" ;
--------------------------------------------------------
--  DDL for Table SYSTEM_USER_ROLES
--------------------------------------------------------

  CREATE TABLE "MOH_WORKFLOW_SCHEMA"."SYSTEM_USER_ROLES" 
   (	"USER_ROLE_ID" NUMBER, 
	"USERS_USER_ID" NUMBER, 
	"ROLES_ROLE_ID" NUMBER
   ) SEGMENT CREATION IMMEDIATE 
  PCTFREE 10 PCTUSED 40 INITRANS 1 MAXTRANS 255 
 NOCOMPRESS LOGGING
  STORAGE(INITIAL 65536 NEXT 1048576 MINEXTENTS 1 MAXEXTENTS 2147483645
  PCTINCREASE 0 FREELISTS 1 FREELIST GROUPS 1
  BUFFER_POOL DEFAULT FLASH_CACHE DEFAULT CELL_FLASH_CACHE DEFAULT)
  TABLESPACE "USERS" ;
--------------------------------------------------------
--  DDL for Table TRAFFIC_MANAGEMENT
--------------------------------------------------------

  CREATE TABLE "MOH_WORKFLOW_SCHEMA"."TRAFFIC_MANAGEMENT" 
   (	"TRAFFIC_ID" NUMBER, 
	"TRAFFIC_NAME" VARCHAR2(100 BYTE), 
	"TRAFFIC_DESCRIPTION" VARCHAR2(200 BYTE)
   ) SEGMENT CREATION DEFERRED 
  PCTFREE 10 PCTUSED 40 INITRANS 1 MAXTRANS 255 
 NOCOMPRESS LOGGING
  TABLESPACE "USERS" ;
--------------------------------------------------------
--  DDL for Table ZONE
--------------------------------------------------------

  CREATE TABLE "MOH_WORKFLOW_SCHEMA"."ZONE" 
   (	"ZONE_ID" NUMBER, 
	"ZONE_NAME" VARCHAR2(100 BYTE), 
	"ZONE_DESCRIPTION" VARCHAR2(200 BYTE)
   ) SEGMENT CREATION DEFERRED 
  PCTFREE 10 PCTUSED 40 INITRANS 1 MAXTRANS 255 
 NOCOMPRESS LOGGING
  TABLESPACE "USERS" ;
REM INSERTING into MOH_WORKFLOW_SCHEMA.CITIZEN
SET DEFINE OFF;
REM INSERTING into MOH_WORKFLOW_SCHEMA.CITY
SET DEFINE OFF;
REM INSERTING into MOH_WORKFLOW_SCHEMA.COMMITTEE
SET DEFINE OFF;
REM INSERTING into MOH_WORKFLOW_SCHEMA.COMMITTEE_MEMBER
SET DEFINE OFF;
REM INSERTING into MOH_WORKFLOW_SCHEMA.CUSTOM
SET DEFINE OFF;
Insert into MOH_WORKFLOW_SCHEMA.CUSTOM (CUSTOM_ID,CUSTOME_NAME,CUSTOM_DESCRIPTION) values (1,'بورسعيد',null);
Insert into MOH_WORKFLOW_SCHEMA.CUSTOM (CUSTOM_ID,CUSTOME_NAME,CUSTOM_DESCRIPTION) values (2,'الاسكندرية',null);
Insert into MOH_WORKFLOW_SCHEMA.CUSTOM (CUSTOM_ID,CUSTOME_NAME,CUSTOM_DESCRIPTION) values (3,'دمياط',null);
Insert into MOH_WORKFLOW_SCHEMA.CUSTOM (CUSTOM_ID,CUSTOME_NAME,CUSTOM_DESCRIPTION) values (4,'شبين الكوم',null);
Insert into MOH_WORKFLOW_SCHEMA.CUSTOM (CUSTOM_ID,CUSTOME_NAME,CUSTOM_DESCRIPTION) values (5,'السويس',null);
Insert into MOH_WORKFLOW_SCHEMA.CUSTOM (CUSTOM_ID,CUSTOME_NAME,CUSTOM_DESCRIPTION) values (6,'مدينة نصر',null);
REM INSERTING into MOH_WORKFLOW_SCHEMA.DISABILITY
SET DEFINE OFF;
REM INSERTING into MOH_WORKFLOW_SCHEMA.DOCUMENT_TYPE
SET DEFINE OFF;
REM INSERTING into MOH_WORKFLOW_SCHEMA.EQUIPMENT
SET DEFINE OFF;
REM INSERTING into MOH_WORKFLOW_SCHEMA.EYE_MEASURE
SET DEFINE OFF;
Insert into MOH_WORKFLOW_SCHEMA.EYE_MEASURE (MEASURE_ID,MEASURE_DESCRIPTION,MEASURE_TITLE) values (1,'6/6','6/6');
Insert into MOH_WORKFLOW_SCHEMA.EYE_MEASURE (MEASURE_ID,MEASURE_DESCRIPTION,MEASURE_TITLE) values (2,'6/9','6/9');
Insert into MOH_WORKFLOW_SCHEMA.EYE_MEASURE (MEASURE_ID,MEASURE_DESCRIPTION,MEASURE_TITLE) values (3,'6/12','6/12');
Insert into MOH_WORKFLOW_SCHEMA.EYE_MEASURE (MEASURE_ID,MEASURE_DESCRIPTION,MEASURE_TITLE) values (4,'6/18','6/18');
Insert into MOH_WORKFLOW_SCHEMA.EYE_MEASURE (MEASURE_ID,MEASURE_DESCRIPTION,MEASURE_TITLE) values (5,'6/24','6/24');
Insert into MOH_WORKFLOW_SCHEMA.EYE_MEASURE (MEASURE_ID,MEASURE_DESCRIPTION,MEASURE_TITLE) values (6,'6/36','6/36');
Insert into MOH_WORKFLOW_SCHEMA.EYE_MEASURE (MEASURE_ID,MEASURE_DESCRIPTION,MEASURE_TITLE) values (7,'6/60','6/60');
Insert into MOH_WORKFLOW_SCHEMA.EYE_MEASURE (MEASURE_ID,MEASURE_DESCRIPTION,MEASURE_TITLE) values (8,'5/60','5/60');
Insert into MOH_WORKFLOW_SCHEMA.EYE_MEASURE (MEASURE_ID,MEASURE_DESCRIPTION,MEASURE_TITLE) values (9,'أقل من (6/60)','أقل من (6/60)');
Insert into MOH_WORKFLOW_SCHEMA.EYE_MEASURE (MEASURE_ID,MEASURE_DESCRIPTION,MEASURE_TITLE) values (10,'لاتبصر الضوء','لاتبصر الضوء');
Insert into MOH_WORKFLOW_SCHEMA.EYE_MEASURE (MEASURE_ID,MEASURE_DESCRIPTION,MEASURE_TITLE) values (11,'تبصر الضوء','تبصر الضوء');
Insert into MOH_WORKFLOW_SCHEMA.EYE_MEASURE (MEASURE_ID,MEASURE_DESCRIPTION,MEASURE_TITLE) values (12,'تبصر حركة يد','تبصر حركة يد');
Insert into MOH_WORKFLOW_SCHEMA.EYE_MEASURE (MEASURE_ID,MEASURE_DESCRIPTION,MEASURE_TITLE) values (13,'عد أصابع','عد أصابع');
Insert into MOH_WORKFLOW_SCHEMA.EYE_MEASURE (MEASURE_ID,MEASURE_DESCRIPTION,MEASURE_TITLE) values (14,'خيال','خيال');
Insert into MOH_WORKFLOW_SCHEMA.EYE_MEASURE (MEASURE_ID,MEASURE_DESCRIPTION,MEASURE_TITLE) values (15,'عين زجاجيه','عين زجاجيه');
Insert into MOH_WORKFLOW_SCHEMA.EYE_MEASURE (MEASURE_ID,MEASURE_DESCRIPTION,MEASURE_TITLE) values (16,'عدسات لاصقه','عدسات لاصقه');
REM INSERTING into MOH_WORKFLOW_SCHEMA.GENDER
SET DEFINE OFF;
Insert into MOH_WORKFLOW_SCHEMA.GENDER (GENDER_ID,GENDER_NAME) values (1,'ذكر');
Insert into MOH_WORKFLOW_SCHEMA.GENDER (GENDER_ID,GENDER_NAME) values (2,'انثي');
Insert into MOH_WORKFLOW_SCHEMA.GENDER (GENDER_ID,GENDER_NAME) values (4,'ذكر');
REM INSERTING into MOH_WORKFLOW_SCHEMA.GOVERNATE
SET DEFINE OFF;
Insert into MOH_WORKFLOW_SCHEMA.GOVERNATE (GOVERNATE_ID,GOVERNATE_NAME,GOVERNATE_CODE,ZONE_ID) values (118,'القاهره',1,null);
Insert into MOH_WORKFLOW_SCHEMA.GOVERNATE (GOVERNATE_ID,GOVERNATE_NAME,GOVERNATE_CODE,ZONE_ID) values (119,'الاسكندريه',2,null);
Insert into MOH_WORKFLOW_SCHEMA.GOVERNATE (GOVERNATE_ID,GOVERNATE_NAME,GOVERNATE_CODE,ZONE_ID) values (120,'الاقصر',29,null);
Insert into MOH_WORKFLOW_SCHEMA.GOVERNATE (GOVERNATE_ID,GOVERNATE_NAME,GOVERNATE_CODE,ZONE_ID) values (121,'الاسماعيلية',19,null);
Insert into MOH_WORKFLOW_SCHEMA.GOVERNATE (GOVERNATE_ID,GOVERNATE_NAME,GOVERNATE_CODE,ZONE_ID) values (122,'البحيرة',18,null);
Insert into MOH_WORKFLOW_SCHEMA.GOVERNATE (GOVERNATE_ID,GOVERNATE_NAME,GOVERNATE_CODE,ZONE_ID) values (123,'الجيزة',21,null);
Insert into MOH_WORKFLOW_SCHEMA.GOVERNATE (GOVERNATE_ID,GOVERNATE_NAME,GOVERNATE_CODE,ZONE_ID) values (124,'الدقهلية',12,null);
Insert into MOH_WORKFLOW_SCHEMA.GOVERNATE (GOVERNATE_ID,GOVERNATE_NAME,GOVERNATE_CODE,ZONE_ID) values (125,'الشرقية',13,null);
Insert into MOH_WORKFLOW_SCHEMA.GOVERNATE (GOVERNATE_ID,GOVERNATE_NAME,GOVERNATE_CODE,ZONE_ID) values (126,'الغربية',16,null);
Insert into MOH_WORKFLOW_SCHEMA.GOVERNATE (GOVERNATE_ID,GOVERNATE_NAME,GOVERNATE_CODE,ZONE_ID) values (127,'القليوبية',14,null);
Insert into MOH_WORKFLOW_SCHEMA.GOVERNATE (GOVERNATE_ID,GOVERNATE_NAME,GOVERNATE_CODE,ZONE_ID) values (128,'المنوفية',17,null);
Insert into MOH_WORKFLOW_SCHEMA.GOVERNATE (GOVERNATE_ID,GOVERNATE_NAME,GOVERNATE_CODE,ZONE_ID) values (129,'المنيا',24,null);
Insert into MOH_WORKFLOW_SCHEMA.GOVERNATE (GOVERNATE_ID,GOVERNATE_NAME,GOVERNATE_CODE,ZONE_ID) values (130,'أسوان',28,null);
Insert into MOH_WORKFLOW_SCHEMA.GOVERNATE (GOVERNATE_ID,GOVERNATE_NAME,GOVERNATE_CODE,ZONE_ID) values (131,'أسيوط',25,null);
Insert into MOH_WORKFLOW_SCHEMA.GOVERNATE (GOVERNATE_ID,GOVERNATE_NAME,GOVERNATE_CODE,ZONE_ID) values (132,'بني سويف',22,null);
Insert into MOH_WORKFLOW_SCHEMA.GOVERNATE (GOVERNATE_ID,GOVERNATE_NAME,GOVERNATE_CODE,ZONE_ID) values (133,'سوهاج',26,null);
Insert into MOH_WORKFLOW_SCHEMA.GOVERNATE (GOVERNATE_ID,GOVERNATE_NAME,GOVERNATE_CODE,ZONE_ID) values (134,'قنا',27,null);
Insert into MOH_WORKFLOW_SCHEMA.GOVERNATE (GOVERNATE_ID,GOVERNATE_NAME,GOVERNATE_CODE,ZONE_ID) values (135,'كفر الشيخ',15,null);
Insert into MOH_WORKFLOW_SCHEMA.GOVERNATE (GOVERNATE_ID,GOVERNATE_NAME,GOVERNATE_CODE,ZONE_ID) values (136,'مرسي مطروح',33,null);
Insert into MOH_WORKFLOW_SCHEMA.GOVERNATE (GOVERNATE_ID,GOVERNATE_NAME,GOVERNATE_CODE,ZONE_ID) values (137,'مولود خارج الجمهورية',88,null);
Insert into MOH_WORKFLOW_SCHEMA.GOVERNATE (GOVERNATE_ID,GOVERNATE_NAME,GOVERNATE_CODE,ZONE_ID) values (138,'بورسعيد',3,null);
Insert into MOH_WORKFLOW_SCHEMA.GOVERNATE (GOVERNATE_ID,GOVERNATE_NAME,GOVERNATE_CODE,ZONE_ID) values (139,'السويس ',4,null);
Insert into MOH_WORKFLOW_SCHEMA.GOVERNATE (GOVERNATE_ID,GOVERNATE_NAME,GOVERNATE_CODE,ZONE_ID) values (140,'دمياط',11,null);
Insert into MOH_WORKFLOW_SCHEMA.GOVERNATE (GOVERNATE_ID,GOVERNATE_NAME,GOVERNATE_CODE,ZONE_ID) values (141,'الفيوم ',23,null);
Insert into MOH_WORKFLOW_SCHEMA.GOVERNATE (GOVERNATE_ID,GOVERNATE_NAME,GOVERNATE_CODE,ZONE_ID) values (142,'البحر الأحمر',31,null);
Insert into MOH_WORKFLOW_SCHEMA.GOVERNATE (GOVERNATE_ID,GOVERNATE_NAME,GOVERNATE_CODE,ZONE_ID) values (143,'الوادى الجديد',32,null);
Insert into MOH_WORKFLOW_SCHEMA.GOVERNATE (GOVERNATE_ID,GOVERNATE_NAME,GOVERNATE_CODE,ZONE_ID) values (144,'شمال سيناء',34,null);
Insert into MOH_WORKFLOW_SCHEMA.GOVERNATE (GOVERNATE_ID,GOVERNATE_NAME,GOVERNATE_CODE,ZONE_ID) values (145,'جنوب سيناء',35,null);
Insert into MOH_WORKFLOW_SCHEMA.GOVERNATE (GOVERNATE_ID,GOVERNATE_NAME,GOVERNATE_CODE,ZONE_ID) values (146,'اخرى',37,null);
REM INSERTING into MOH_WORKFLOW_SCHEMA.OCCUPATION
SET DEFINE OFF;
Insert into MOH_WORKFLOW_SCHEMA.OCCUPATION (OCCUPATION_ID,OCCUPATION_NAME) values (56,'طبيب');
Insert into MOH_WORKFLOW_SCHEMA.OCCUPATION (OCCUPATION_ID,OCCUPATION_NAME) values (55,'doctor');
Insert into MOH_WORKFLOW_SCHEMA.OCCUPATION (OCCUPATION_ID,OCCUPATION_NAME) values (2,'مهندس مدني');
Insert into MOH_WORKFLOW_SCHEMA.OCCUPATION (OCCUPATION_ID,OCCUPATION_NAME) values (3,'مهندس إتصالات');
Insert into MOH_WORKFLOW_SCHEMA.OCCUPATION (OCCUPATION_ID,OCCUPATION_NAME) values (1,'مدرس');
Insert into MOH_WORKFLOW_SCHEMA.OCCUPATION (OCCUPATION_ID,OCCUPATION_NAME) values (4,'مهندس زراعي');
Insert into MOH_WORKFLOW_SCHEMA.OCCUPATION (OCCUPATION_ID,OCCUPATION_NAME) values (5,'موظف');
Insert into MOH_WORKFLOW_SCHEMA.OCCUPATION (OCCUPATION_ID,OCCUPATION_NAME) values (6,'عامل');
Insert into MOH_WORKFLOW_SCHEMA.OCCUPATION (OCCUPATION_ID,OCCUPATION_NAME) values (61,'بالمعاش');
Insert into MOH_WORKFLOW_SCHEMA.OCCUPATION (OCCUPATION_ID,OCCUPATION_NAME) values (62,'ميكانيكي');
Insert into MOH_WORKFLOW_SCHEMA.OCCUPATION (OCCUPATION_ID,OCCUPATION_NAME) values (63,'حاصل على معهد');
Insert into MOH_WORKFLOW_SCHEMA.OCCUPATION (OCCUPATION_ID,OCCUPATION_NAME) values (64,'مهندس');
Insert into MOH_WORKFLOW_SCHEMA.OCCUPATION (OCCUPATION_ID,OCCUPATION_NAME) values (65,'حاصل علي ثانويه عامه');
Insert into MOH_WORKFLOW_SCHEMA.OCCUPATION (OCCUPATION_ID,OCCUPATION_NAME) values (66,'مدير إدارة');
Insert into MOH_WORKFLOW_SCHEMA.OCCUPATION (OCCUPATION_ID,OCCUPATION_NAME) values (68,'سائق');
Insert into MOH_WORKFLOW_SCHEMA.OCCUPATION (OCCUPATION_ID,OCCUPATION_NAME) values (70,'مؤذن مسجد');
Insert into MOH_WORKFLOW_SCHEMA.OCCUPATION (OCCUPATION_ID,OCCUPATION_NAME) values (75,'محامي');
Insert into MOH_WORKFLOW_SCHEMA.OCCUPATION (OCCUPATION_ID,OCCUPATION_NAME) values (76,'مدير عام');
Insert into MOH_WORKFLOW_SCHEMA.OCCUPATION (OCCUPATION_ID,OCCUPATION_NAME) values (77,'معاون');
Insert into MOH_WORKFLOW_SCHEMA.OCCUPATION (OCCUPATION_ID,OCCUPATION_NAME) values (78,'اخصائي');
Insert into MOH_WORKFLOW_SCHEMA.OCCUPATION (OCCUPATION_ID,OCCUPATION_NAME) values (79,'امين شرطه');
Insert into MOH_WORKFLOW_SCHEMA.OCCUPATION (OCCUPATION_ID,OCCUPATION_NAME) values (80,'طباخ');
Insert into MOH_WORKFLOW_SCHEMA.OCCUPATION (OCCUPATION_ID,OCCUPATION_NAME) values (81,'إمام وخطيب');
Insert into MOH_WORKFLOW_SCHEMA.OCCUPATION (OCCUPATION_ID,OCCUPATION_NAME) values (102,'مدير مدرسة');
Insert into MOH_WORKFLOW_SCHEMA.OCCUPATION (OCCUPATION_ID,OCCUPATION_NAME) values (103,'باحث مالي');
Insert into MOH_WORKFLOW_SCHEMA.OCCUPATION (OCCUPATION_ID,OCCUPATION_NAME) values (104,'باحث قانوني');
Insert into MOH_WORKFLOW_SCHEMA.OCCUPATION (OCCUPATION_ID,OCCUPATION_NAME) values (105,'سكرتير');
Insert into MOH_WORKFLOW_SCHEMA.OCCUPATION (OCCUPATION_ID,OCCUPATION_NAME) values (106,'مأمور ضبط قضائي');
Insert into MOH_WORKFLOW_SCHEMA.OCCUPATION (OCCUPATION_ID,OCCUPATION_NAME) values (107,'مأمور ضرائب');
Insert into MOH_WORKFLOW_SCHEMA.OCCUPATION (OCCUPATION_ID,OCCUPATION_NAME) values (108,'محفظ قرآن كريم');
Insert into MOH_WORKFLOW_SCHEMA.OCCUPATION (OCCUPATION_ID,OCCUPATION_NAME) values (109,'فني تحاليل');
Insert into MOH_WORKFLOW_SCHEMA.OCCUPATION (OCCUPATION_ID,OCCUPATION_NAME) values (110,'موجه عام');
Insert into MOH_WORKFLOW_SCHEMA.OCCUPATION (OCCUPATION_ID,OCCUPATION_NAME) values (122,'نائب مدير');
Insert into MOH_WORKFLOW_SCHEMA.OCCUPATION (OCCUPATION_ID,OCCUPATION_NAME) values (127,'حاصل علي دبلوم معلمين');
Insert into MOH_WORKFLOW_SCHEMA.OCCUPATION (OCCUPATION_ID,OCCUPATION_NAME) values (130,'إداري');
Insert into MOH_WORKFLOW_SCHEMA.OCCUPATION (OCCUPATION_ID,OCCUPATION_NAME) values (131,'امين توريدات');
Insert into MOH_WORKFLOW_SCHEMA.OCCUPATION (OCCUPATION_ID,OCCUPATION_NAME) values (132,'كاهن');
Insert into MOH_WORKFLOW_SCHEMA.OCCUPATION (OCCUPATION_ID,OCCUPATION_NAME) values (133,'دبلوم تدريب مهني');
Insert into MOH_WORKFLOW_SCHEMA.OCCUPATION (OCCUPATION_ID,OCCUPATION_NAME) values (134,'محلل نظم');
Insert into MOH_WORKFLOW_SCHEMA.OCCUPATION (OCCUPATION_ID,OCCUPATION_NAME) values (135,'وكيل مدرسه / معهد');
Insert into MOH_WORKFLOW_SCHEMA.OCCUPATION (OCCUPATION_ID,OCCUPATION_NAME) values (140,'دبلوم تمريض');
Insert into MOH_WORKFLOW_SCHEMA.OCCUPATION (OCCUPATION_ID,OCCUPATION_NAME) values (144,'شرطي');
Insert into MOH_WORKFLOW_SCHEMA.OCCUPATION (OCCUPATION_ID,OCCUPATION_NAME) values (7,'طالب');
Insert into MOH_WORKFLOW_SCHEMA.OCCUPATION (OCCUPATION_ID,OCCUPATION_NAME) values (71,'طبيب بشري');
Insert into MOH_WORKFLOW_SCHEMA.OCCUPATION (OCCUPATION_ID,OCCUPATION_NAME) values (72,'حاصل على ليسانس');
Insert into MOH_WORKFLOW_SCHEMA.OCCUPATION (OCCUPATION_ID,OCCUPATION_NAME) values (73,'محاسب');
Insert into MOH_WORKFLOW_SCHEMA.OCCUPATION (OCCUPATION_ID,OCCUPATION_NAME) values (74,'كاتب');
Insert into MOH_WORKFLOW_SCHEMA.OCCUPATION (OCCUPATION_ID,OCCUPATION_NAME) values (84,'صيدلي');
Insert into MOH_WORKFLOW_SCHEMA.OCCUPATION (OCCUPATION_ID,OCCUPATION_NAME) values (91,'حاصل على دبلوم فنادق');
Insert into MOH_WORKFLOW_SCHEMA.OCCUPATION (OCCUPATION_ID,OCCUPATION_NAME) values (117,'حاصل علي دكتوراه');
Insert into MOH_WORKFLOW_SCHEMA.OCCUPATION (OCCUPATION_ID,OCCUPATION_NAME) values (118,'فرد امن');
Insert into MOH_WORKFLOW_SCHEMA.OCCUPATION (OCCUPATION_ID,OCCUPATION_NAME) values (119,'محصل');
Insert into MOH_WORKFLOW_SCHEMA.OCCUPATION (OCCUPATION_ID,OCCUPATION_NAME) values (120,'رسام');
Insert into MOH_WORKFLOW_SCHEMA.OCCUPATION (OCCUPATION_ID,OCCUPATION_NAME) values (121,'مأمور شهر عقاري');
Insert into MOH_WORKFLOW_SCHEMA.OCCUPATION (OCCUPATION_ID,OCCUPATION_NAME) values (128,'شيخ بلد');
Insert into MOH_WORKFLOW_SCHEMA.OCCUPATION (OCCUPATION_ID,OCCUPATION_NAME) values (129,'مأمور جمرك');
Insert into MOH_WORKFLOW_SCHEMA.OCCUPATION (OCCUPATION_ID,OCCUPATION_NAME) values (138,'استاذ مساعد');
Insert into MOH_WORKFLOW_SCHEMA.OCCUPATION (OCCUPATION_ID,OCCUPATION_NAME) values (8,'بدون عمل');
Insert into MOH_WORKFLOW_SCHEMA.OCCUPATION (OCCUPATION_ID,OCCUPATION_NAME) values (12,'ربة منزل');
Insert into MOH_WORKFLOW_SCHEMA.OCCUPATION (OCCUPATION_ID,OCCUPATION_NAME) values (13,'مشرف');
Insert into MOH_WORKFLOW_SCHEMA.OCCUPATION (OCCUPATION_ID,OCCUPATION_NAME) values (14,'فني');
Insert into MOH_WORKFLOW_SCHEMA.OCCUPATION (OCCUPATION_ID,OCCUPATION_NAME) values (15,'حاصل علي بكالوريوس');
Insert into MOH_WORKFLOW_SCHEMA.OCCUPATION (OCCUPATION_ID,OCCUPATION_NAME) values (16,'نجار');
Insert into MOH_WORKFLOW_SCHEMA.OCCUPATION (OCCUPATION_ID,OCCUPATION_NAME) values (18,'حاصل على دبلوم زراعه');
Insert into MOH_WORKFLOW_SCHEMA.OCCUPATION (OCCUPATION_ID,OCCUPATION_NAME) values (19,'حاصل على دبلوم تجارة');
Insert into MOH_WORKFLOW_SCHEMA.OCCUPATION (OCCUPATION_ID,OCCUPATION_NAME) values (20,'حاصل على دبلوم صنايع');
Insert into MOH_WORKFLOW_SCHEMA.OCCUPATION (OCCUPATION_ID,OCCUPATION_NAME) values (21,'نقاش');
Insert into MOH_WORKFLOW_SCHEMA.OCCUPATION (OCCUPATION_ID,OCCUPATION_NAME) values (22,'كهربائى');
Insert into MOH_WORKFLOW_SCHEMA.OCCUPATION (OCCUPATION_ID,OCCUPATION_NAME) values (23,'مكوجي');
Insert into MOH_WORKFLOW_SCHEMA.OCCUPATION (OCCUPATION_ID,OCCUPATION_NAME) values (24,'سباك');
Insert into MOH_WORKFLOW_SCHEMA.OCCUPATION (OCCUPATION_ID,OCCUPATION_NAME) values (95,'رئيس قسم');
Insert into MOH_WORKFLOW_SCHEMA.OCCUPATION (OCCUPATION_ID,OCCUPATION_NAME) values (26,'صاحب شركه');
Insert into MOH_WORKFLOW_SCHEMA.OCCUPATION (OCCUPATION_ID,OCCUPATION_NAME) values (41,'صاحب محل');
Insert into MOH_WORKFLOW_SCHEMA.OCCUPATION (OCCUPATION_ID,OCCUPATION_NAME) values (42,'جزار');
Insert into MOH_WORKFLOW_SCHEMA.OCCUPATION (OCCUPATION_ID,OCCUPATION_NAME) values (43,'ضابط شرطه');
Insert into MOH_WORKFLOW_SCHEMA.OCCUPATION (OCCUPATION_ID,OCCUPATION_NAME) values (44,'ضابط جيش');
Insert into MOH_WORKFLOW_SCHEMA.OCCUPATION (OCCUPATION_ID,OCCUPATION_NAME) values (86,'أعمال حره');
Insert into MOH_WORKFLOW_SCHEMA.OCCUPATION (OCCUPATION_ID,OCCUPATION_NAME) values (92,'ممرض');
Insert into MOH_WORKFLOW_SCHEMA.OCCUPATION (OCCUPATION_ID,OCCUPATION_NAME) values (93,'محرر إعلامي');
Insert into MOH_WORKFLOW_SCHEMA.OCCUPATION (OCCUPATION_ID,OCCUPATION_NAME) values (94,'صحفي');
Insert into MOH_WORKFLOW_SCHEMA.OCCUPATION (OCCUPATION_ID,OCCUPATION_NAME) values (96,'قارئ ومحصل');
Insert into MOH_WORKFLOW_SCHEMA.OCCUPATION (OCCUPATION_ID,OCCUPATION_NAME) values (97,'مراجع هندسي');
Insert into MOH_WORKFLOW_SCHEMA.OCCUPATION (OCCUPATION_ID,OCCUPATION_NAME) values (98,'مراجع حسابات');
Insert into MOH_WORKFLOW_SCHEMA.OCCUPATION (OCCUPATION_ID,OCCUPATION_NAME) values (99,'امين مرافق زراعية');
Insert into MOH_WORKFLOW_SCHEMA.OCCUPATION (OCCUPATION_ID,OCCUPATION_NAME) values (100,'امين معمل');
Insert into MOH_WORKFLOW_SCHEMA.OCCUPATION (OCCUPATION_ID,OCCUPATION_NAME) values (101,'امين مخزن');
Insert into MOH_WORKFLOW_SCHEMA.OCCUPATION (OCCUPATION_ID,OCCUPATION_NAME) values (126,'دكتور');
Insert into MOH_WORKFLOW_SCHEMA.OCCUPATION (OCCUPATION_ID,OCCUPATION_NAME) values (136,'صاحب مكتب');
Insert into MOH_WORKFLOW_SCHEMA.OCCUPATION (OCCUPATION_ID,OCCUPATION_NAME) values (137,'شيخ معهد');
Insert into MOH_WORKFLOW_SCHEMA.OCCUPATION (OCCUPATION_ID,OCCUPATION_NAME) values (143,'حاصل علي ماجستير');
Insert into MOH_WORKFLOW_SCHEMA.OCCUPATION (OCCUPATION_ID,OCCUPATION_NAME) values (82,'مندوب');
Insert into MOH_WORKFLOW_SCHEMA.OCCUPATION (OCCUPATION_ID,OCCUPATION_NAME) values (83,'طبيب بيطري');
Insert into MOH_WORKFLOW_SCHEMA.OCCUPATION (OCCUPATION_ID,OCCUPATION_NAME) values (85,'اخصائي تحاليل');
Insert into MOH_WORKFLOW_SCHEMA.OCCUPATION (OCCUPATION_ID,OCCUPATION_NAME) values (87,'مستشار');
Insert into MOH_WORKFLOW_SCHEMA.OCCUPATION (OCCUPATION_ID,OCCUPATION_NAME) values (111,'مراقب');
Insert into MOH_WORKFLOW_SCHEMA.OCCUPATION (OCCUPATION_ID,OCCUPATION_NAME) values (112,'مفتش');
Insert into MOH_WORKFLOW_SCHEMA.OCCUPATION (OCCUPATION_ID,OCCUPATION_NAME) values (113,'مصرفي');
Insert into MOH_WORKFLOW_SCHEMA.OCCUPATION (OCCUPATION_ID,OCCUPATION_NAME) values (114,'معيد');
Insert into MOH_WORKFLOW_SCHEMA.OCCUPATION (OCCUPATION_ID,OCCUPATION_NAME) values (115,'فني طباعه');
Insert into MOH_WORKFLOW_SCHEMA.OCCUPATION (OCCUPATION_ID,OCCUPATION_NAME) values (116,'امين مكتبه');
Insert into MOH_WORKFLOW_SCHEMA.OCCUPATION (OCCUPATION_ID,OCCUPATION_NAME) values (123,'باحث');
Insert into MOH_WORKFLOW_SCHEMA.OCCUPATION (OCCUPATION_ID,OCCUPATION_NAME) values (124,'حاصل علي دبلوم اداره وخدمات');
Insert into MOH_WORKFLOW_SCHEMA.OCCUPATION (OCCUPATION_ID,OCCUPATION_NAME) values (125,'صاحب ورشه');
Insert into MOH_WORKFLOW_SCHEMA.OCCUPATION (OCCUPATION_ID,OCCUPATION_NAME) values (141,'مراجع');
Insert into MOH_WORKFLOW_SCHEMA.OCCUPATION (OCCUPATION_ID,OCCUPATION_NAME) values (145,'وكيل وزارة');
Insert into MOH_WORKFLOW_SCHEMA.OCCUPATION (OCCUPATION_ID,OCCUPATION_NAME) values (88,'عامل مسجد');
Insert into MOH_WORKFLOW_SCHEMA.OCCUPATION (OCCUPATION_ID,OCCUPATION_NAME) values (89,'حاصل على ثانويه ازهريه');
Insert into MOH_WORKFLOW_SCHEMA.OCCUPATION (OCCUPATION_ID,OCCUPATION_NAME) values (90,'مساعد بالقوات المسلحه');
Insert into MOH_WORKFLOW_SCHEMA.OCCUPATION (OCCUPATION_ID,OCCUPATION_NAME) values (139,'صاحب كافيتريا');
Insert into MOH_WORKFLOW_SCHEMA.OCCUPATION (OCCUPATION_ID,OCCUPATION_NAME) values (142,'عامل زراعي');
Insert into MOH_WORKFLOW_SCHEMA.OCCUPATION (OCCUPATION_ID,OCCUPATION_NAME) values (146,'عميد كلية');
Insert into MOH_WORKFLOW_SCHEMA.OCCUPATION (OCCUPATION_ID,OCCUPATION_NAME) values (147,'عضو مجلس النواب');
Insert into MOH_WORKFLOW_SCHEMA.OCCUPATION (OCCUPATION_ID,OCCUPATION_NAME) values (148,'كيميائي');
REM INSERTING into MOH_WORKFLOW_SCHEMA.REQUEST
SET DEFINE OFF;
REM INSERTING into MOH_WORKFLOW_SCHEMA.REQUEST_DETAIL
SET DEFINE OFF;
REM INSERTING into MOH_WORKFLOW_SCHEMA.REQUEST_DOCUMENT
SET DEFINE OFF;
REM INSERTING into MOH_WORKFLOW_SCHEMA.REQUEST_STATUS
SET DEFINE OFF;
REM INSERTING into MOH_WORKFLOW_SCHEMA.REQUEST_TYPE
SET DEFINE OFF;
REM INSERTING into MOH_WORKFLOW_SCHEMA.SYSTEM_ROLE
SET DEFINE OFF;
Insert into MOH_WORKFLOW_SCHEMA.SYSTEM_ROLE (ROLE_ID,ROLE_NAME,ROLE_DESCRIPTION) values (1,'ROLE_ADMIN','ROLE_ADMIN');
Insert into MOH_WORKFLOW_SCHEMA.SYSTEM_ROLE (ROLE_ID,ROLE_NAME,ROLE_DESCRIPTION) values (2,'user','USER');
Insert into MOH_WORKFLOW_SCHEMA.SYSTEM_ROLE (ROLE_ID,ROLE_NAME,ROLE_DESCRIPTION) values (3,'manager','MANAGER');
Insert into MOH_WORKFLOW_SCHEMA.SYSTEM_ROLE (ROLE_ID,ROLE_NAME,ROLE_DESCRIPTION) values (4,'client','CLIENT');
REM INSERTING into MOH_WORKFLOW_SCHEMA.SYSTEM_USER
SET DEFINE OFF;
Insert into MOH_WORKFLOW_SCHEMA.SYSTEM_USER (USER_ID,USERNAME,CREATED_DATE,PASSWORD,ZONE_ID) values (1,'salah',to_timestamp('25-APR-19 03.21.19.758256000 PM','DD-MON-RR HH.MI.SSXFF AM'),'$2a$10$yMLDwDk2rKKksnRCb3Rclu9hEbI3ycU3Z1b5g0nk7mp8E9ZDegKVm',null);
Insert into MOH_WORKFLOW_SCHEMA.SYSTEM_USER (USER_ID,USERNAME,CREATED_DATE,PASSWORD,ZONE_ID) values (2,'may',to_timestamp('25-APR-19 06.10.48.065878000 PM','DD-MON-RR HH.MI.SSXFF AM'),'$2a$10$yMLDwDk2rKKksnRCb3Rclu9hEbI3ycU3Z1b5g0nk7mp8E9ZDegKVm',null);
Insert into MOH_WORKFLOW_SCHEMA.SYSTEM_USER (USER_ID,USERNAME,CREATED_DATE,PASSWORD,ZONE_ID) values (3,'sami',to_timestamp('25-APR-19 06.23.39.444361000 PM','DD-MON-RR HH.MI.SSXFF AM'),'$2a$10$yMLDwDk2rKKksnRCb3Rclu9hEbI3ycU3Z1b5g0nk7mp8E9ZDegKVm',null);
Insert into MOH_WORKFLOW_SCHEMA.SYSTEM_USER (USER_ID,USERNAME,CREATED_DATE,PASSWORD,ZONE_ID) values (4,'aziz',to_timestamp('25-APR-19 06.28.51.357974000 PM','DD-MON-RR HH.MI.SSXFF AM'),'$2a$10$yMLDwDk2rKKksnRCb3Rclu9hEbI3ycU3Z1b5g0nk7mp8E9ZDegKVm',null);
REM INSERTING into MOH_WORKFLOW_SCHEMA.SYSTEM_USER_ROLES
SET DEFINE OFF;
Insert into MOH_WORKFLOW_SCHEMA.SYSTEM_USER_ROLES (USER_ROLE_ID,USERS_USER_ID,ROLES_ROLE_ID) values (1,1,1);
Insert into MOH_WORKFLOW_SCHEMA.SYSTEM_USER_ROLES (USER_ROLE_ID,USERS_USER_ID,ROLES_ROLE_ID) values (2,2,2);
Insert into MOH_WORKFLOW_SCHEMA.SYSTEM_USER_ROLES (USER_ROLE_ID,USERS_USER_ID,ROLES_ROLE_ID) values (3,3,3);
Insert into MOH_WORKFLOW_SCHEMA.SYSTEM_USER_ROLES (USER_ROLE_ID,USERS_USER_ID,ROLES_ROLE_ID) values (4,4,4);
Insert into MOH_WORKFLOW_SCHEMA.SYSTEM_USER_ROLES (USER_ROLE_ID,USERS_USER_ID,ROLES_ROLE_ID) values (4,4,3);
REM INSERTING into MOH_WORKFLOW_SCHEMA.TRAFFIC_MANAGEMENT
SET DEFINE OFF;
REM INSERTING into MOH_WORKFLOW_SCHEMA.ZONE
SET DEFINE OFF;
--------------------------------------------------------
--  DDL for Index CITIZEN_PK
--------------------------------------------------------

  CREATE UNIQUE INDEX "MOH_WORKFLOW_SCHEMA"."CITIZEN_PK" ON "MOH_WORKFLOW_SCHEMA"."CITIZEN" ("CITIZEN_ID") 
  PCTFREE 10 INITRANS 2 MAXTRANS 255 COMPUTE STATISTICS 
  STORAGE(INITIAL 65536 NEXT 1048576 MINEXTENTS 1 MAXEXTENTS 2147483645
  PCTINCREASE 0 FREELISTS 1 FREELIST GROUPS 1
  BUFFER_POOL DEFAULT FLASH_CACHE DEFAULT CELL_FLASH_CACHE DEFAULT)
  TABLESPACE "USERS" ;
--------------------------------------------------------
--  DDL for Index TRAFFIC_MANAGEMENT_PK
--------------------------------------------------------

  CREATE UNIQUE INDEX "MOH_WORKFLOW_SCHEMA"."TRAFFIC_MANAGEMENT_PK" ON "MOH_WORKFLOW_SCHEMA"."TRAFFIC_MANAGEMENT" ("TRAFFIC_ID") 
  PCTFREE 10 INITRANS 2 MAXTRANS 255 COMPUTE STATISTICS 
  TABLESPACE "USERS" ;
--------------------------------------------------------
--  DDL for Index COMMITTEE_PK
--------------------------------------------------------

  CREATE UNIQUE INDEX "MOH_WORKFLOW_SCHEMA"."COMMITTEE_PK" ON "MOH_WORKFLOW_SCHEMA"."COMMITTEE" ("COMMITTEE_ID") 
  PCTFREE 10 INITRANS 2 MAXTRANS 255 COMPUTE STATISTICS 
  TABLESPACE "USERS" ;
--------------------------------------------------------
--  DDL for Index GENDER_PK
--------------------------------------------------------

  CREATE UNIQUE INDEX "MOH_WORKFLOW_SCHEMA"."GENDER_PK" ON "MOH_WORKFLOW_SCHEMA"."GENDER" ("GENDER_ID") 
  PCTFREE 10 INITRANS 2 MAXTRANS 255 COMPUTE STATISTICS 
  STORAGE(INITIAL 65536 NEXT 1048576 MINEXTENTS 1 MAXEXTENTS 2147483645
  PCTINCREASE 0 FREELISTS 1 FREELIST GROUPS 1
  BUFFER_POOL DEFAULT FLASH_CACHE DEFAULT CELL_FLASH_CACHE DEFAULT)
  TABLESPACE "USERS" ;
--------------------------------------------------------
--  DDL for Index CUSTOM_PK
--------------------------------------------------------

  CREATE UNIQUE INDEX "MOH_WORKFLOW_SCHEMA"."CUSTOM_PK" ON "MOH_WORKFLOW_SCHEMA"."CUSTOM" ("CUSTOM_ID") 
  PCTFREE 10 INITRANS 2 MAXTRANS 255 COMPUTE STATISTICS 
  STORAGE(INITIAL 65536 NEXT 1048576 MINEXTENTS 1 MAXEXTENTS 2147483645
  PCTINCREASE 0 FREELISTS 1 FREELIST GROUPS 1
  BUFFER_POOL DEFAULT FLASH_CACHE DEFAULT CELL_FLASH_CACHE DEFAULT)
  TABLESPACE "USERS" ;
--------------------------------------------------------
--  DDL for Index REQUEST_DOCUMENT_PK
--------------------------------------------------------

  CREATE UNIQUE INDEX "MOH_WORKFLOW_SCHEMA"."REQUEST_DOCUMENT_PK" ON "MOH_WORKFLOW_SCHEMA"."REQUEST_DOCUMENT" ("REQUEST_DOCUMENT_ID") 
  PCTFREE 10 INITRANS 2 MAXTRANS 255 COMPUTE STATISTICS 
  TABLESPACE "USERS" ;
--------------------------------------------------------
--  DDL for Index DOCUMENT_TYPE_PK
--------------------------------------------------------

  CREATE UNIQUE INDEX "MOH_WORKFLOW_SCHEMA"."DOCUMENT_TYPE_PK" ON "MOH_WORKFLOW_SCHEMA"."DOCUMENT_TYPE" ("DOCUMENT_TYPE_ID") 
  PCTFREE 10 INITRANS 2 MAXTRANS 255 COMPUTE STATISTICS 
  TABLESPACE "USERS" ;
--------------------------------------------------------
--  DDL for Index CITY_PK
--------------------------------------------------------

  CREATE UNIQUE INDEX "MOH_WORKFLOW_SCHEMA"."CITY_PK" ON "MOH_WORKFLOW_SCHEMA"."CITY" ("CITY_ID") 
  PCTFREE 10 INITRANS 2 MAXTRANS 255 COMPUTE STATISTICS 
  STORAGE(INITIAL 65536 NEXT 1048576 MINEXTENTS 1 MAXEXTENTS 2147483645
  PCTINCREASE 0 FREELISTS 1 FREELIST GROUPS 1
  BUFFER_POOL DEFAULT FLASH_CACHE DEFAULT CELL_FLASH_CACHE DEFAULT)
  TABLESPACE "USERS" ;
--------------------------------------------------------
--  DDL for Index CITIZEN__IDX
--------------------------------------------------------

  CREATE INDEX "MOH_WORKFLOW_SCHEMA"."CITIZEN__IDX" ON "MOH_WORKFLOW_SCHEMA"."CITIZEN" ("NATIONAL_ID") 
  PCTFREE 10 INITRANS 2 MAXTRANS 255 COMPUTE STATISTICS 
  STORAGE(INITIAL 65536 NEXT 1048576 MINEXTENTS 1 MAXEXTENTS 2147483645
  PCTINCREASE 0 FREELISTS 1 FREELIST GROUPS 1
  BUFFER_POOL DEFAULT FLASH_CACHE DEFAULT CELL_FLASH_CACHE DEFAULT)
  TABLESPACE "USERS" ;
--------------------------------------------------------
--  DDL for Index GOVERNATE_CODE_UK
--------------------------------------------------------

  CREATE UNIQUE INDEX "MOH_WORKFLOW_SCHEMA"."GOVERNATE_CODE_UK" ON "MOH_WORKFLOW_SCHEMA"."GOVERNATE" ("GOVERNATE_CODE") 
  PCTFREE 10 INITRANS 2 MAXTRANS 255 COMPUTE STATISTICS 
  STORAGE(INITIAL 65536 NEXT 1048576 MINEXTENTS 1 MAXEXTENTS 2147483645
  PCTINCREASE 0 FREELISTS 1 FREELIST GROUPS 1
  BUFFER_POOL DEFAULT FLASH_CACHE DEFAULT CELL_FLASH_CACHE DEFAULT)
  TABLESPACE "USERS" ;
--------------------------------------------------------
--  DDL for Index REQUEST_NATURAL_PK
--------------------------------------------------------

  CREATE UNIQUE INDEX "MOH_WORKFLOW_SCHEMA"."REQUEST_NATURAL_PK" ON "MOH_WORKFLOW_SCHEMA"."REQUEST_STATUS" ("REQUEST_STATUS_ID") 
  PCTFREE 10 INITRANS 2 MAXTRANS 255 COMPUTE STATISTICS 
  TABLESPACE "USERS" ;
--------------------------------------------------------
--  DDL for Index COMMITTEE_MEMBER_PK
--------------------------------------------------------

  CREATE UNIQUE INDEX "MOH_WORKFLOW_SCHEMA"."COMMITTEE_MEMBER_PK" ON "MOH_WORKFLOW_SCHEMA"."COMMITTEE_MEMBER" ("COMMITTEE_MEMBER_ID") 
  PCTFREE 10 INITRANS 2 MAXTRANS 255 COMPUTE STATISTICS 
  TABLESPACE "USERS" ;
--------------------------------------------------------
--  DDL for Index DOCUMENT_TYPE__UN
--------------------------------------------------------

  CREATE UNIQUE INDEX "MOH_WORKFLOW_SCHEMA"."DOCUMENT_TYPE__UN" ON "MOH_WORKFLOW_SCHEMA"."DOCUMENT_TYPE" ("DOCUMENT_TYPE_NAME") 
  PCTFREE 10 INITRANS 2 MAXTRANS 255 COMPUTE STATISTICS 
  TABLESPACE "USERS" ;
--------------------------------------------------------
--  DDL for Index SYSTEM_ROLE_PK
--------------------------------------------------------

  CREATE UNIQUE INDEX "MOH_WORKFLOW_SCHEMA"."SYSTEM_ROLE_PK" ON "MOH_WORKFLOW_SCHEMA"."SYSTEM_ROLE" ("ROLE_ID") 
  PCTFREE 10 INITRANS 2 MAXTRANS 255 COMPUTE STATISTICS 
  STORAGE(INITIAL 65536 NEXT 1048576 MINEXTENTS 1 MAXEXTENTS 2147483645
  PCTINCREASE 0 FREELISTS 1 FREELIST GROUPS 1
  BUFFER_POOL DEFAULT FLASH_CACHE DEFAULT CELL_FLASH_CACHE DEFAULT)
  TABLESPACE "USERS" ;
--------------------------------------------------------
--  DDL for Index ZONE_PK
--------------------------------------------------------

  CREATE UNIQUE INDEX "MOH_WORKFLOW_SCHEMA"."ZONE_PK" ON "MOH_WORKFLOW_SCHEMA"."ZONE" ("ZONE_ID") 
  PCTFREE 10 INITRANS 2 MAXTRANS 255 
  TABLESPACE "USERS" ;
--------------------------------------------------------
--  DDL for Index REQUEST_TYPE_PK
--------------------------------------------------------

  CREATE UNIQUE INDEX "MOH_WORKFLOW_SCHEMA"."REQUEST_TYPE_PK" ON "MOH_WORKFLOW_SCHEMA"."REQUEST_TYPE" ("REQUEST_TYPE_ID") 
  PCTFREE 10 INITRANS 2 MAXTRANS 255 COMPUTE STATISTICS 
  TABLESPACE "USERS" ;
--------------------------------------------------------
--  DDL for Index REQUEST_DETAIL_PK
--------------------------------------------------------

  CREATE UNIQUE INDEX "MOH_WORKFLOW_SCHEMA"."REQUEST_DETAIL_PK" ON "MOH_WORKFLOW_SCHEMA"."REQUEST_DETAIL" ("REQUEST_DETAIL_ID") 
  PCTFREE 10 INITRANS 2 MAXTRANS 255 COMPUTE STATISTICS 
  TABLESPACE "USERS" ;
--------------------------------------------------------
--  DDL for Index EYE_MEASURES_PK
--------------------------------------------------------

  CREATE UNIQUE INDEX "MOH_WORKFLOW_SCHEMA"."EYE_MEASURES_PK" ON "MOH_WORKFLOW_SCHEMA"."EYE_MEASURE" ("MEASURE_ID") 
  PCTFREE 10 INITRANS 2 MAXTRANS 255 COMPUTE STATISTICS 
  STORAGE(INITIAL 65536 NEXT 1048576 MINEXTENTS 1 MAXEXTENTS 2147483645
  PCTINCREASE 0 FREELISTS 1 FREELIST GROUPS 1
  BUFFER_POOL DEFAULT FLASH_CACHE DEFAULT CELL_FLASH_CACHE DEFAULT)
  TABLESPACE "USERS" ;
--------------------------------------------------------
--  DDL for Index OCCUPATION_PK
--------------------------------------------------------

  CREATE UNIQUE INDEX "MOH_WORKFLOW_SCHEMA"."OCCUPATION_PK" ON "MOH_WORKFLOW_SCHEMA"."OCCUPATION" ("OCCUPATION_ID") 
  PCTFREE 10 INITRANS 2 MAXTRANS 255 COMPUTE STATISTICS 
  STORAGE(INITIAL 65536 NEXT 1048576 MINEXTENTS 1 MAXEXTENTS 2147483645
  PCTINCREASE 0 FREELISTS 1 FREELIST GROUPS 1
  BUFFER_POOL DEFAULT FLASH_CACHE DEFAULT CELL_FLASH_CACHE DEFAULT)
  TABLESPACE "USERS" ;
--------------------------------------------------------
--  DDL for Index DISABILITY_PK
--------------------------------------------------------

  CREATE UNIQUE INDEX "MOH_WORKFLOW_SCHEMA"."DISABILITY_PK" ON "MOH_WORKFLOW_SCHEMA"."DISABILITY" ("DISABILITY_ID") 
  PCTFREE 10 INITRANS 2 MAXTRANS 255 COMPUTE STATISTICS 
  STORAGE(INITIAL 65536 NEXT 1048576 MINEXTENTS 1 MAXEXTENTS 2147483645
  PCTINCREASE 0 FREELISTS 1 FREELIST GROUPS 1
  BUFFER_POOL DEFAULT FLASH_CACHE DEFAULT CELL_FLASH_CACHE DEFAULT)
  TABLESPACE "USERS" ;
--------------------------------------------------------
--  DDL for Index SYSTEM_USER_PK
--------------------------------------------------------

  CREATE UNIQUE INDEX "MOH_WORKFLOW_SCHEMA"."SYSTEM_USER_PK" ON "MOH_WORKFLOW_SCHEMA"."SYSTEM_USER" ("USER_ID") 
  PCTFREE 10 INITRANS 2 MAXTRANS 255 COMPUTE STATISTICS 
  STORAGE(INITIAL 65536 NEXT 1048576 MINEXTENTS 1 MAXEXTENTS 2147483645
  PCTINCREASE 0 FREELISTS 1 FREELIST GROUPS 1
  BUFFER_POOL DEFAULT FLASH_CACHE DEFAULT CELL_FLASH_CACHE DEFAULT)
  TABLESPACE "USERS" ;
--------------------------------------------------------
--  DDL for Index REQUEST__IDX
--------------------------------------------------------

  CREATE INDEX "MOH_WORKFLOW_SCHEMA"."REQUEST__IDX" ON "MOH_WORKFLOW_SCHEMA"."REQUEST" ("REQUEST_ID") 
  PCTFREE 10 INITRANS 2 MAXTRANS 255 COMPUTE STATISTICS 
  TABLESPACE "USERS" ;
--------------------------------------------------------
--  DDL for Index EQUIPMENT_PK
--------------------------------------------------------

  CREATE UNIQUE INDEX "MOH_WORKFLOW_SCHEMA"."EQUIPMENT_PK" ON "MOH_WORKFLOW_SCHEMA"."EQUIPMENT" ("EQUIPMENT_ID") 
  PCTFREE 10 INITRANS 2 MAXTRANS 255 COMPUTE STATISTICS 
  TABLESPACE "USERS" ;
--------------------------------------------------------
--  DDL for Index GOVERNATE_PK
--------------------------------------------------------

  CREATE UNIQUE INDEX "MOH_WORKFLOW_SCHEMA"."GOVERNATE_PK" ON "MOH_WORKFLOW_SCHEMA"."GOVERNATE" ("GOVERNATE_ID") 
  PCTFREE 10 INITRANS 2 MAXTRANS 255 COMPUTE STATISTICS 
  STORAGE(INITIAL 65536 NEXT 1048576 MINEXTENTS 1 MAXEXTENTS 2147483645
  PCTINCREASE 0 FREELISTS 1 FREELIST GROUPS 1
  BUFFER_POOL DEFAULT FLASH_CACHE DEFAULT CELL_FLASH_CACHE DEFAULT)
  TABLESPACE "USERS" ;
--------------------------------------------------------
--  Constraints for Table SYSTEM_USER
--------------------------------------------------------

  ALTER TABLE "MOH_WORKFLOW_SCHEMA"."SYSTEM_USER" MODIFY ("USER_ID" NOT NULL ENABLE);
  ALTER TABLE "MOH_WORKFLOW_SCHEMA"."SYSTEM_USER" ADD CONSTRAINT "SYSTEM_USER_PK" PRIMARY KEY ("USER_ID")
  USING INDEX PCTFREE 10 INITRANS 2 MAXTRANS 255 COMPUTE STATISTICS 
  STORAGE(INITIAL 65536 NEXT 1048576 MINEXTENTS 1 MAXEXTENTS 2147483645
  PCTINCREASE 0 FREELISTS 1 FREELIST GROUPS 1
  BUFFER_POOL DEFAULT FLASH_CACHE DEFAULT CELL_FLASH_CACHE DEFAULT)
  TABLESPACE "USERS"  ENABLE;
  ALTER TABLE "MOH_WORKFLOW_SCHEMA"."SYSTEM_USER" MODIFY ("USERNAME" CONSTRAINT "USERNAME_NOT_NULL" NOT NULL ENABLE);
--------------------------------------------------------
--  Constraints for Table CUSTOM
--------------------------------------------------------

  ALTER TABLE "MOH_WORKFLOW_SCHEMA"."CUSTOM" MODIFY ("CUSTOM_ID" NOT NULL ENABLE);
  ALTER TABLE "MOH_WORKFLOW_SCHEMA"."CUSTOM" ADD CONSTRAINT "CUSTOM_PK" PRIMARY KEY ("CUSTOM_ID")
  USING INDEX PCTFREE 10 INITRANS 2 MAXTRANS 255 COMPUTE STATISTICS 
  STORAGE(INITIAL 65536 NEXT 1048576 MINEXTENTS 1 MAXEXTENTS 2147483645
  PCTINCREASE 0 FREELISTS 1 FREELIST GROUPS 1
  BUFFER_POOL DEFAULT FLASH_CACHE DEFAULT CELL_FLASH_CACHE DEFAULT)
  TABLESPACE "USERS"  ENABLE;
--------------------------------------------------------
--  Constraints for Table REQUEST_DETAIL
--------------------------------------------------------

  ALTER TABLE "MOH_WORKFLOW_SCHEMA"."REQUEST_DETAIL" MODIFY ("REQUEST_DETAIL_ID" NOT NULL ENABLE);
  ALTER TABLE "MOH_WORKFLOW_SCHEMA"."REQUEST_DETAIL" MODIFY ("DISABILITY_ID" NOT NULL ENABLE);
  ALTER TABLE "MOH_WORKFLOW_SCHEMA"."REQUEST_DETAIL" ADD CONSTRAINT "REQUEST_DETAIL_PK" PRIMARY KEY ("REQUEST_DETAIL_ID")
  USING INDEX PCTFREE 10 INITRANS 2 MAXTRANS 255 COMPUTE STATISTICS 
  TABLESPACE "USERS"  ENABLE;
--------------------------------------------------------
--  Constraints for Table ZONE
--------------------------------------------------------

  ALTER TABLE "MOH_WORKFLOW_SCHEMA"."ZONE" MODIFY ("ZONE_ID" NOT NULL ENABLE);
  ALTER TABLE "MOH_WORKFLOW_SCHEMA"."ZONE" MODIFY ("ZONE_NAME" NOT NULL ENABLE);
  ALTER TABLE "MOH_WORKFLOW_SCHEMA"."ZONE" ADD CONSTRAINT "ZONE_PK" PRIMARY KEY ("ZONE_ID")
  USING INDEX PCTFREE 10 INITRANS 2 MAXTRANS 255 
  TABLESPACE "USERS"  ENABLE;
--------------------------------------------------------
--  Constraints for Table DISABILITY
--------------------------------------------------------

  ALTER TABLE "MOH_WORKFLOW_SCHEMA"."DISABILITY" MODIFY ("ACCEPTED" NOT NULL ENABLE);
  ALTER TABLE "MOH_WORKFLOW_SCHEMA"."DISABILITY" MODIFY ("DISABILITY_ID" NOT NULL ENABLE);
  ALTER TABLE "MOH_WORKFLOW_SCHEMA"."DISABILITY" ADD CONSTRAINT "DISABILITY_PK" PRIMARY KEY ("DISABILITY_ID")
  USING INDEX PCTFREE 10 INITRANS 2 MAXTRANS 255 COMPUTE STATISTICS 
  STORAGE(INITIAL 65536 NEXT 1048576 MINEXTENTS 1 MAXEXTENTS 2147483645
  PCTINCREASE 0 FREELISTS 1 FREELIST GROUPS 1
  BUFFER_POOL DEFAULT FLASH_CACHE DEFAULT CELL_FLASH_CACHE DEFAULT)
  TABLESPACE "USERS"  ENABLE;
--------------------------------------------------------
--  Constraints for Table EQUIPMENT
--------------------------------------------------------

  ALTER TABLE "MOH_WORKFLOW_SCHEMA"."EQUIPMENT" MODIFY ("EQUIPMENT_NAME" NOT NULL ENABLE);
  ALTER TABLE "MOH_WORKFLOW_SCHEMA"."EQUIPMENT" MODIFY ("EQUIPMENT_ID" NOT NULL ENABLE);
  ALTER TABLE "MOH_WORKFLOW_SCHEMA"."EQUIPMENT" ADD CONSTRAINT "EQUIPMENT_PK" PRIMARY KEY ("EQUIPMENT_ID")
  USING INDEX PCTFREE 10 INITRANS 2 MAXTRANS 255 COMPUTE STATISTICS 
  TABLESPACE "USERS"  ENABLE;
--------------------------------------------------------
--  Constraints for Table REQUEST_STATUS
--------------------------------------------------------

  ALTER TABLE "MOH_WORKFLOW_SCHEMA"."REQUEST_STATUS" MODIFY ("REQUEST_STATUS_ID" NOT NULL ENABLE);
  ALTER TABLE "MOH_WORKFLOW_SCHEMA"."REQUEST_STATUS" MODIFY ("REQUEST_STATUS_NAME" NOT NULL ENABLE);
  ALTER TABLE "MOH_WORKFLOW_SCHEMA"."REQUEST_STATUS" ADD CONSTRAINT "REQUEST_NATURAL_PK" PRIMARY KEY ("REQUEST_STATUS_ID")
  USING INDEX PCTFREE 10 INITRANS 2 MAXTRANS 255 COMPUTE STATISTICS 
  TABLESPACE "USERS"  ENABLE;
--------------------------------------------------------
--  Constraints for Table TRAFFIC_MANAGEMENT
--------------------------------------------------------

  ALTER TABLE "MOH_WORKFLOW_SCHEMA"."TRAFFIC_MANAGEMENT" MODIFY ("TRAFFIC_ID" NOT NULL ENABLE);
  ALTER TABLE "MOH_WORKFLOW_SCHEMA"."TRAFFIC_MANAGEMENT" MODIFY ("TRAFFIC_NAME" NOT NULL ENABLE);
  ALTER TABLE "MOH_WORKFLOW_SCHEMA"."TRAFFIC_MANAGEMENT" ADD CONSTRAINT "TRAFFIC_MANAGEMENT_PK" PRIMARY KEY ("TRAFFIC_ID")
  USING INDEX PCTFREE 10 INITRANS 2 MAXTRANS 255 COMPUTE STATISTICS 
  TABLESPACE "USERS"  ENABLE;
--------------------------------------------------------
--  Constraints for Table CITIZEN
--------------------------------------------------------

  ALTER TABLE "MOH_WORKFLOW_SCHEMA"."CITIZEN" MODIFY ("CITIZEN_ID" NOT NULL ENABLE);
  ALTER TABLE "MOH_WORKFLOW_SCHEMA"."CITIZEN" MODIFY ("NATIONAL_ID" NOT NULL ENABLE);
  ALTER TABLE "MOH_WORKFLOW_SCHEMA"."CITIZEN" MODIFY ("CITIZEN_NAME" NOT NULL ENABLE);
  ALTER TABLE "MOH_WORKFLOW_SCHEMA"."CITIZEN" ADD CONSTRAINT "CITIZEN_PK" PRIMARY KEY ("CITIZEN_ID")
  USING INDEX PCTFREE 10 INITRANS 2 MAXTRANS 255 COMPUTE STATISTICS 
  STORAGE(INITIAL 65536 NEXT 1048576 MINEXTENTS 1 MAXEXTENTS 2147483645
  PCTINCREASE 0 FREELISTS 1 FREELIST GROUPS 1
  BUFFER_POOL DEFAULT FLASH_CACHE DEFAULT CELL_FLASH_CACHE DEFAULT)
  TABLESPACE "USERS"  ENABLE;
  ALTER TABLE "MOH_WORKFLOW_SCHEMA"."CITIZEN" ADD CONSTRAINT "CITIZEN__UN" UNIQUE ("NATIONAL_ID")
  USING INDEX (CREATE INDEX "MOH_WORKFLOW_SCHEMA"."CITIZEN__IDX" ON "MOH_WORKFLOW_SCHEMA"."CITIZEN" ("NATIONAL_ID") 
  PCTFREE 10 INITRANS 2 MAXTRANS 255 COMPUTE STATISTICS 
  STORAGE(INITIAL 65536 NEXT 1048576 MINEXTENTS 1 MAXEXTENTS 2147483645
  PCTINCREASE 0 FREELISTS 1 FREELIST GROUPS 1
  BUFFER_POOL DEFAULT FLASH_CACHE DEFAULT CELL_FLASH_CACHE DEFAULT)
  TABLESPACE "USERS" )  ENABLE;
--------------------------------------------------------
--  Constraints for Table REQUEST_TYPE
--------------------------------------------------------

  ALTER TABLE "MOH_WORKFLOW_SCHEMA"."REQUEST_TYPE" MODIFY ("REQUEST_TYPE_ID" NOT NULL ENABLE);
  ALTER TABLE "MOH_WORKFLOW_SCHEMA"."REQUEST_TYPE" MODIFY ("REQUEST_TYPE_NAME" NOT NULL ENABLE);
  ALTER TABLE "MOH_WORKFLOW_SCHEMA"."REQUEST_TYPE" ADD CONSTRAINT "REQUEST_TYPE_PK" PRIMARY KEY ("REQUEST_TYPE_ID")
  USING INDEX PCTFREE 10 INITRANS 2 MAXTRANS 255 COMPUTE STATISTICS 
  TABLESPACE "USERS"  ENABLE;
--------------------------------------------------------
--  Constraints for Table SYSTEM_USER_ROLES
--------------------------------------------------------

  ALTER TABLE "MOH_WORKFLOW_SCHEMA"."SYSTEM_USER_ROLES" MODIFY ("USER_ROLE_ID" NOT NULL ENABLE);
  ALTER TABLE "MOH_WORKFLOW_SCHEMA"."SYSTEM_USER_ROLES" MODIFY ("USERS_USER_ID" NOT NULL ENABLE);
  ALTER TABLE "MOH_WORKFLOW_SCHEMA"."SYSTEM_USER_ROLES" MODIFY ("ROLES_ROLE_ID" NOT NULL ENABLE);
--------------------------------------------------------
--  Constraints for Table REQUEST_DOCUMENT
--------------------------------------------------------

  ALTER TABLE "MOH_WORKFLOW_SCHEMA"."REQUEST_DOCUMENT" MODIFY ("REQUEST_DOCUMENT_ID" NOT NULL ENABLE);
  ALTER TABLE "MOH_WORKFLOW_SCHEMA"."REQUEST_DOCUMENT" MODIFY ("REQUEST_ID" NOT NULL ENABLE);
  ALTER TABLE "MOH_WORKFLOW_SCHEMA"."REQUEST_DOCUMENT" MODIFY ("DCOUMENT_TYPE_ID" NOT NULL ENABLE);
  ALTER TABLE "MOH_WORKFLOW_SCHEMA"."REQUEST_DOCUMENT" MODIFY ("DOCUMENT_PATH" NOT NULL ENABLE);
  ALTER TABLE "MOH_WORKFLOW_SCHEMA"."REQUEST_DOCUMENT" ADD CONSTRAINT "REQUEST_DOCUMENT_PK" PRIMARY KEY ("REQUEST_DOCUMENT_ID")
  USING INDEX PCTFREE 10 INITRANS 2 MAXTRANS 255 COMPUTE STATISTICS 
  TABLESPACE "USERS"  ENABLE;
--------------------------------------------------------
--  Constraints for Table COMMITTEE_MEMBER
--------------------------------------------------------

  ALTER TABLE "MOH_WORKFLOW_SCHEMA"."COMMITTEE_MEMBER" MODIFY ("COMMITTEE_MEMBER_ID" NOT NULL ENABLE);
  ALTER TABLE "MOH_WORKFLOW_SCHEMA"."COMMITTEE_MEMBER" MODIFY ("MEMBER_NAME" NOT NULL ENABLE);
  ALTER TABLE "MOH_WORKFLOW_SCHEMA"."COMMITTEE_MEMBER" ADD CONSTRAINT "COMMITTEE_MEMBER_PK" PRIMARY KEY ("COMMITTEE_MEMBER_ID")
  USING INDEX PCTFREE 10 INITRANS 2 MAXTRANS 255 COMPUTE STATISTICS 
  TABLESPACE "USERS"  ENABLE;
--------------------------------------------------------
--  Constraints for Table OCCUPATION
--------------------------------------------------------

  ALTER TABLE "MOH_WORKFLOW_SCHEMA"."OCCUPATION" MODIFY ("OCCUPATION_ID" NOT NULL ENABLE);
  ALTER TABLE "MOH_WORKFLOW_SCHEMA"."OCCUPATION" MODIFY ("OCCUPATION_NAME" NOT NULL ENABLE);
  ALTER TABLE "MOH_WORKFLOW_SCHEMA"."OCCUPATION" ADD CONSTRAINT "OCCUPATION_PK" PRIMARY KEY ("OCCUPATION_ID")
  USING INDEX PCTFREE 10 INITRANS 2 MAXTRANS 255 COMPUTE STATISTICS 
  STORAGE(INITIAL 65536 NEXT 1048576 MINEXTENTS 1 MAXEXTENTS 2147483645
  PCTINCREASE 0 FREELISTS 1 FREELIST GROUPS 1
  BUFFER_POOL DEFAULT FLASH_CACHE DEFAULT CELL_FLASH_CACHE DEFAULT)
  TABLESPACE "USERS"  ENABLE;
--------------------------------------------------------
--  Constraints for Table COMMITTEE
--------------------------------------------------------

  ALTER TABLE "MOH_WORKFLOW_SCHEMA"."COMMITTEE" MODIFY ("COMMITTEE_ID" NOT NULL ENABLE);
  ALTER TABLE "MOH_WORKFLOW_SCHEMA"."COMMITTEE" MODIFY ("COMMITTEE_NAME" NOT NULL ENABLE);
  ALTER TABLE "MOH_WORKFLOW_SCHEMA"."COMMITTEE" ADD CONSTRAINT "COMMITTEE_PK" PRIMARY KEY ("COMMITTEE_ID")
  USING INDEX PCTFREE 10 INITRANS 2 MAXTRANS 255 COMPUTE STATISTICS 
  TABLESPACE "USERS"  ENABLE;
  ALTER TABLE "MOH_WORKFLOW_SCHEMA"."COMMITTEE" MODIFY ("COMMITTEE_DATE" NOT NULL ENABLE);
--------------------------------------------------------
--  Constraints for Table EYE_MEASURE
--------------------------------------------------------

  ALTER TABLE "MOH_WORKFLOW_SCHEMA"."EYE_MEASURE" MODIFY ("MEASURE_ID" NOT NULL ENABLE);
  ALTER TABLE "MOH_WORKFLOW_SCHEMA"."EYE_MEASURE" MODIFY ("MEASURE_TITLE" CONSTRAINT "EYE_MEASURE_TITLE_NOT_NULL" NOT NULL ENABLE);
  ALTER TABLE "MOH_WORKFLOW_SCHEMA"."EYE_MEASURE" ADD CONSTRAINT "EYE_MEASURES_PK" PRIMARY KEY ("MEASURE_ID")
  USING INDEX PCTFREE 10 INITRANS 2 MAXTRANS 255 COMPUTE STATISTICS 
  STORAGE(INITIAL 65536 NEXT 1048576 MINEXTENTS 1 MAXEXTENTS 2147483645
  PCTINCREASE 0 FREELISTS 1 FREELIST GROUPS 1
  BUFFER_POOL DEFAULT FLASH_CACHE DEFAULT CELL_FLASH_CACHE DEFAULT)
  TABLESPACE "USERS"  ENABLE;
--------------------------------------------------------
--  Constraints for Table GENDER
--------------------------------------------------------

  ALTER TABLE "MOH_WORKFLOW_SCHEMA"."GENDER" MODIFY ("GENDER_ID" NOT NULL ENABLE);
  ALTER TABLE "MOH_WORKFLOW_SCHEMA"."GENDER" MODIFY ("GENDER_NAME" NOT NULL ENABLE);
  ALTER TABLE "MOH_WORKFLOW_SCHEMA"."GENDER" ADD CONSTRAINT "GENDER_PK" PRIMARY KEY ("GENDER_ID")
  USING INDEX PCTFREE 10 INITRANS 2 MAXTRANS 255 COMPUTE STATISTICS 
  STORAGE(INITIAL 65536 NEXT 1048576 MINEXTENTS 1 MAXEXTENTS 2147483645
  PCTINCREASE 0 FREELISTS 1 FREELIST GROUPS 1
  BUFFER_POOL DEFAULT FLASH_CACHE DEFAULT CELL_FLASH_CACHE DEFAULT)
  TABLESPACE "USERS"  ENABLE;
--------------------------------------------------------
--  Constraints for Table GOVERNATE
--------------------------------------------------------

  ALTER TABLE "MOH_WORKFLOW_SCHEMA"."GOVERNATE" MODIFY ("GOVERNATE_CODE" NOT NULL ENABLE);
  ALTER TABLE "MOH_WORKFLOW_SCHEMA"."GOVERNATE" ADD CONSTRAINT "GOVERNATE_CODE_UK" UNIQUE ("GOVERNATE_CODE")
  USING INDEX PCTFREE 10 INITRANS 2 MAXTRANS 255 COMPUTE STATISTICS 
  STORAGE(INITIAL 65536 NEXT 1048576 MINEXTENTS 1 MAXEXTENTS 2147483645
  PCTINCREASE 0 FREELISTS 1 FREELIST GROUPS 1
  BUFFER_POOL DEFAULT FLASH_CACHE DEFAULT CELL_FLASH_CACHE DEFAULT)
  TABLESPACE "USERS"  ENABLE;
  ALTER TABLE "MOH_WORKFLOW_SCHEMA"."GOVERNATE" MODIFY ("GOVERNATE_ID" NOT NULL ENABLE);
  ALTER TABLE "MOH_WORKFLOW_SCHEMA"."GOVERNATE" MODIFY ("GOVERNATE_NAME" NOT NULL ENABLE);
  ALTER TABLE "MOH_WORKFLOW_SCHEMA"."GOVERNATE" ADD CONSTRAINT "GOVERNATE_PK" PRIMARY KEY ("GOVERNATE_ID")
  USING INDEX PCTFREE 10 INITRANS 2 MAXTRANS 255 COMPUTE STATISTICS 
  STORAGE(INITIAL 65536 NEXT 1048576 MINEXTENTS 1 MAXEXTENTS 2147483645
  PCTINCREASE 0 FREELISTS 1 FREELIST GROUPS 1
  BUFFER_POOL DEFAULT FLASH_CACHE DEFAULT CELL_FLASH_CACHE DEFAULT)
  TABLESPACE "USERS"  ENABLE;
--------------------------------------------------------
--  Constraints for Table DOCUMENT_TYPE
--------------------------------------------------------

  ALTER TABLE "MOH_WORKFLOW_SCHEMA"."DOCUMENT_TYPE" MODIFY ("DOCUMENT_TYPE_ID" NOT NULL ENABLE);
  ALTER TABLE "MOH_WORKFLOW_SCHEMA"."DOCUMENT_TYPE" MODIFY ("DOCUMENT_TYPE_NAME" NOT NULL ENABLE);
  ALTER TABLE "MOH_WORKFLOW_SCHEMA"."DOCUMENT_TYPE" ADD CONSTRAINT "DOCUMENT_TYPE_PK" PRIMARY KEY ("DOCUMENT_TYPE_ID")
  USING INDEX PCTFREE 10 INITRANS 2 MAXTRANS 255 COMPUTE STATISTICS 
  TABLESPACE "USERS"  ENABLE;
  ALTER TABLE "MOH_WORKFLOW_SCHEMA"."DOCUMENT_TYPE" ADD CONSTRAINT "DOCUMENT_TYPE__UN" UNIQUE ("DOCUMENT_TYPE_NAME")
  USING INDEX PCTFREE 10 INITRANS 2 MAXTRANS 255 COMPUTE STATISTICS 
  TABLESPACE "USERS"  ENABLE;
--------------------------------------------------------
--  Constraints for Table REQUEST
--------------------------------------------------------

  ALTER TABLE "MOH_WORKFLOW_SCHEMA"."REQUEST" MODIFY ("REQUEST_ID" NOT NULL ENABLE);
  ALTER TABLE "MOH_WORKFLOW_SCHEMA"."REQUEST" MODIFY ("CITIZEN_ID" NOT NULL ENABLE);
  ALTER TABLE "MOH_WORKFLOW_SCHEMA"."REQUEST" MODIFY ("REQUEST_DATE" NOT NULL ENABLE);
  ALTER TABLE "MOH_WORKFLOW_SCHEMA"."REQUEST" ADD CONSTRAINT "REQUEST_PK" PRIMARY KEY ("REQUEST_ID")
  USING INDEX (CREATE INDEX "MOH_WORKFLOW_SCHEMA"."REQUEST__IDX" ON "MOH_WORKFLOW_SCHEMA"."REQUEST" ("REQUEST_ID") 
  PCTFREE 10 INITRANS 2 MAXTRANS 255 COMPUTE STATISTICS 
  TABLESPACE "USERS" )  ENABLE;
--------------------------------------------------------
--  Constraints for Table CITY
--------------------------------------------------------

  ALTER TABLE "MOH_WORKFLOW_SCHEMA"."CITY" MODIFY ("CITY_ID" NOT NULL ENABLE);
  ALTER TABLE "MOH_WORKFLOW_SCHEMA"."CITY" MODIFY ("CITY_NAME" NOT NULL ENABLE);
  ALTER TABLE "MOH_WORKFLOW_SCHEMA"."CITY" ADD CONSTRAINT "CITY_PK" PRIMARY KEY ("CITY_ID")
  USING INDEX PCTFREE 10 INITRANS 2 MAXTRANS 255 COMPUTE STATISTICS 
  STORAGE(INITIAL 65536 NEXT 1048576 MINEXTENTS 1 MAXEXTENTS 2147483645
  PCTINCREASE 0 FREELISTS 1 FREELIST GROUPS 1
  BUFFER_POOL DEFAULT FLASH_CACHE DEFAULT CELL_FLASH_CACHE DEFAULT)
  TABLESPACE "USERS"  ENABLE;
--------------------------------------------------------
--  Constraints for Table SYSTEM_ROLE
--------------------------------------------------------

  ALTER TABLE "MOH_WORKFLOW_SCHEMA"."SYSTEM_ROLE" MODIFY ("ROLE_ID" NOT NULL ENABLE);
  ALTER TABLE "MOH_WORKFLOW_SCHEMA"."SYSTEM_ROLE" MODIFY ("ROLE_NAME" NOT NULL ENABLE);
  ALTER TABLE "MOH_WORKFLOW_SCHEMA"."SYSTEM_ROLE" ADD CONSTRAINT "SYSTEM_ROLE_PK" PRIMARY KEY ("ROLE_ID")
  USING INDEX PCTFREE 10 INITRANS 2 MAXTRANS 255 COMPUTE STATISTICS 
  STORAGE(INITIAL 65536 NEXT 1048576 MINEXTENTS 1 MAXEXTENTS 2147483645
  PCTINCREASE 0 FREELISTS 1 FREELIST GROUPS 1
  BUFFER_POOL DEFAULT FLASH_CACHE DEFAULT CELL_FLASH_CACHE DEFAULT)
  TABLESPACE "USERS"  ENABLE;
--------------------------------------------------------
--  Ref Constraints for Table CITIZEN
--------------------------------------------------------

  ALTER TABLE "MOH_WORKFLOW_SCHEMA"."CITIZEN" ADD CONSTRAINT "CITIZEN_CITY_FK" FOREIGN KEY ("CITY_ID")
	  REFERENCES "MOH_WORKFLOW_SCHEMA"."CITY" ("CITY_ID") ENABLE;
  ALTER TABLE "MOH_WORKFLOW_SCHEMA"."CITIZEN" ADD CONSTRAINT "CITIZEN_GENDER_FK" FOREIGN KEY ("GENDER_ID")
	  REFERENCES "MOH_WORKFLOW_SCHEMA"."GENDER" ("GENDER_ID") ENABLE;
  ALTER TABLE "MOH_WORKFLOW_SCHEMA"."CITIZEN" ADD CONSTRAINT "CITIZEN_GOVERNATE_FK" FOREIGN KEY ("GOVERNATE_ID")
	  REFERENCES "MOH_WORKFLOW_SCHEMA"."GOVERNATE" ("GOVERNATE_ID") ENABLE;
  ALTER TABLE "MOH_WORKFLOW_SCHEMA"."CITIZEN" ADD CONSTRAINT "CITIZEN_OCCUPATION_FK" FOREIGN KEY ("OCCUPATION_ID")
	  REFERENCES "MOH_WORKFLOW_SCHEMA"."OCCUPATION" ("OCCUPATION_ID") ENABLE;
--------------------------------------------------------
--  Ref Constraints for Table CITY
--------------------------------------------------------

  ALTER TABLE "MOH_WORKFLOW_SCHEMA"."CITY" ADD CONSTRAINT "CITY_GOVERNATE_FK" FOREIGN KEY ("GOVERNATE_ID")
	  REFERENCES "MOH_WORKFLOW_SCHEMA"."GOVERNATE" ("GOVERNATE_CODE") ENABLE;
--------------------------------------------------------
--  Ref Constraints for Table COMMITTEE
--------------------------------------------------------

  ALTER TABLE "MOH_WORKFLOW_SCHEMA"."COMMITTEE" ADD CONSTRAINT "COMMITTEE_MEMBER1_FK" FOREIGN KEY ("MEMBER_ONE_ID")
	  REFERENCES "MOH_WORKFLOW_SCHEMA"."COMMITTEE_MEMBER" ("COMMITTEE_MEMBER_ID") ENABLE;
  ALTER TABLE "MOH_WORKFLOW_SCHEMA"."COMMITTEE" ADD CONSTRAINT "COMMITTEE_MEMBER2_FK" FOREIGN KEY ("MEMBER_TWO_ID")
	  REFERENCES "MOH_WORKFLOW_SCHEMA"."COMMITTEE_MEMBER" ("COMMITTEE_MEMBER_ID") ENABLE;
  ALTER TABLE "MOH_WORKFLOW_SCHEMA"."COMMITTEE" ADD CONSTRAINT "COMMITTEE_MEMBER3_FK" FOREIGN KEY ("MEMBER_THREE_ID")
	  REFERENCES "MOH_WORKFLOW_SCHEMA"."COMMITTEE_MEMBER" ("COMMITTEE_MEMBER_ID") ENABLE;
  ALTER TABLE "MOH_WORKFLOW_SCHEMA"."COMMITTEE" ADD CONSTRAINT "COMMITTEE_MEMBER4_FK" FOREIGN KEY ("MEMBER_FOUR_ID")
	  REFERENCES "MOH_WORKFLOW_SCHEMA"."COMMITTEE_MEMBER" ("COMMITTEE_MEMBER_ID") ENABLE;
  ALTER TABLE "MOH_WORKFLOW_SCHEMA"."COMMITTEE" ADD CONSTRAINT "COMMITTEE_MEMBER5_FK" FOREIGN KEY ("MEMBER_FIVE_ID")
	  REFERENCES "MOH_WORKFLOW_SCHEMA"."COMMITTEE_MEMBER" ("COMMITTEE_MEMBER_ID") ENABLE;
  ALTER TABLE "MOH_WORKFLOW_SCHEMA"."COMMITTEE" ADD CONSTRAINT "COMMITTEE_MEMBER6_FK" FOREIGN KEY ("MEMBER_SIX_ID")
	  REFERENCES "MOH_WORKFLOW_SCHEMA"."COMMITTEE_MEMBER" ("COMMITTEE_MEMBER_ID") ENABLE;
  ALTER TABLE "MOH_WORKFLOW_SCHEMA"."COMMITTEE" ADD CONSTRAINT "COMMITTEE_ZONE_FK" FOREIGN KEY ("ZONE_ID")
	  REFERENCES "MOH_WORKFLOW_SCHEMA"."ZONE" ("ZONE_ID") ENABLE;
--------------------------------------------------------
--  Ref Constraints for Table COMMITTEE_MEMBER
--------------------------------------------------------

  ALTER TABLE "MOH_WORKFLOW_SCHEMA"."COMMITTEE_MEMBER" ADD CONSTRAINT "COMMITTEE_MEMBER__ZONE_FK" FOREIGN KEY ("ZONE_ID")
	  REFERENCES "MOH_WORKFLOW_SCHEMA"."ZONE" ("ZONE_ID") ENABLE;
--------------------------------------------------------
--  Ref Constraints for Table DISABILITY
--------------------------------------------------------

  ALTER TABLE "MOH_WORKFLOW_SCHEMA"."DISABILITY" ADD CONSTRAINT "DISABILITY_EQUIPMENT_FK" FOREIGN KEY ("DISABILITY_ID")
	  REFERENCES "MOH_WORKFLOW_SCHEMA"."EQUIPMENT" ("EQUIPMENT_ID") ENABLE;
--------------------------------------------------------
--  Ref Constraints for Table GOVERNATE
--------------------------------------------------------

  ALTER TABLE "MOH_WORKFLOW_SCHEMA"."GOVERNATE" ADD CONSTRAINT "GOVERNATE_ZONE_FK" FOREIGN KEY ("ZONE_ID")
	  REFERENCES "MOH_WORKFLOW_SCHEMA"."ZONE" ("ZONE_ID") ENABLE;
--------------------------------------------------------
--  Ref Constraints for Table REQUEST
--------------------------------------------------------

  ALTER TABLE "MOH_WORKFLOW_SCHEMA"."REQUEST" ADD CONSTRAINT "REQUEST_CITIZEN_FK" FOREIGN KEY ("CITIZEN_ID")
	  REFERENCES "MOH_WORKFLOW_SCHEMA"."CITIZEN" ("CITIZEN_ID") ENABLE;
  ALTER TABLE "MOH_WORKFLOW_SCHEMA"."REQUEST" ADD CONSTRAINT "REQUEST_COMMITTEE_FK" FOREIGN KEY ("COMMITTEE_ID")
	  REFERENCES "MOH_WORKFLOW_SCHEMA"."COMMITTEE" ("COMMITTEE_ID") ENABLE;
  ALTER TABLE "MOH_WORKFLOW_SCHEMA"."REQUEST" ADD CONSTRAINT "REQUEST_CUSTOM_FK" FOREIGN KEY ("CUSTOM_ID")
	  REFERENCES "MOH_WORKFLOW_SCHEMA"."CUSTOM" ("CUSTOM_ID") ENABLE;
  ALTER TABLE "MOH_WORKFLOW_SCHEMA"."REQUEST" ADD CONSTRAINT "REQUEST_REQUEST_DETAIL_FK" FOREIGN KEY ("REQUEST_DETAIL_ID")
	  REFERENCES "MOH_WORKFLOW_SCHEMA"."REQUEST_DETAIL" ("REQUEST_DETAIL_ID") ENABLE;
  ALTER TABLE "MOH_WORKFLOW_SCHEMA"."REQUEST" ADD CONSTRAINT "REQUEST_REQUEST_STATUS_FK" FOREIGN KEY ("REQUEST_STATUS_ID")
	  REFERENCES "MOH_WORKFLOW_SCHEMA"."REQUEST_STATUS" ("REQUEST_STATUS_ID") ENABLE;
  ALTER TABLE "MOH_WORKFLOW_SCHEMA"."REQUEST" ADD CONSTRAINT "REQUEST_REQUEST_TYPE_FK" FOREIGN KEY ("REQUEST_TYPE_ID")
	  REFERENCES "MOH_WORKFLOW_SCHEMA"."REQUEST_TYPE" ("REQUEST_TYPE_ID") ENABLE;
  ALTER TABLE "MOH_WORKFLOW_SCHEMA"."REQUEST" ADD CONSTRAINT "REQUEST_TRAFFIC_MANAGEMENT_FK" FOREIGN KEY ("REQUEST_ID")
	  REFERENCES "MOH_WORKFLOW_SCHEMA"."TRAFFIC_MANAGEMENT" ("TRAFFIC_ID") ENABLE;
--------------------------------------------------------
--  Ref Constraints for Table REQUEST_DETAIL
--------------------------------------------------------

  ALTER TABLE "MOH_WORKFLOW_SCHEMA"."REQUEST_DETAIL" ADD CONSTRAINT "REQUEST_DETAIL_DISABILITY_FK" FOREIGN KEY ("DISABILITY_ID")
	  REFERENCES "MOH_WORKFLOW_SCHEMA"."DISABILITY" ("DISABILITY_ID") ENABLE;
--------------------------------------------------------
--  Ref Constraints for Table REQUEST_DOCUMENT
--------------------------------------------------------

  ALTER TABLE "MOH_WORKFLOW_SCHEMA"."REQUEST_DOCUMENT" ADD CONSTRAINT "REQUEST_DOCUMENT_REQUEST_FK" FOREIGN KEY ("REQUEST_ID")
	  REFERENCES "MOH_WORKFLOW_SCHEMA"."REQUEST" ("REQUEST_ID") ENABLE;
  ALTER TABLE "MOH_WORKFLOW_SCHEMA"."REQUEST_DOCUMENT" ADD CONSTRAINT "REQUEST_DOCUMENT_TYPE_FK" FOREIGN KEY ("DCOUMENT_TYPE_ID")
	  REFERENCES "MOH_WORKFLOW_SCHEMA"."DOCUMENT_TYPE" ("DOCUMENT_TYPE_ID") ENABLE;
--------------------------------------------------------
--  Ref Constraints for Table SYSTEM_USER
--------------------------------------------------------

  ALTER TABLE "MOH_WORKFLOW_SCHEMA"."SYSTEM_USER" ADD CONSTRAINT "SYSTEM_USER_ZONE_FK" FOREIGN KEY ("ZONE_ID")
	  REFERENCES "MOH_WORKFLOW_SCHEMA"."ZONE" ("ZONE_ID") ENABLE;
--------------------------------------------------------
--  Ref Constraints for Table SYSTEM_USER_ROLES
--------------------------------------------------------

  ALTER TABLE "MOH_WORKFLOW_SCHEMA"."SYSTEM_USER_ROLES" ADD CONSTRAINT "USER_ROLE_SYSTEM_ROLE_FK" FOREIGN KEY ("ROLES_ROLE_ID")
	  REFERENCES "MOH_WORKFLOW_SCHEMA"."SYSTEM_ROLE" ("ROLE_ID") ENABLE;
  ALTER TABLE "MOH_WORKFLOW_SCHEMA"."SYSTEM_USER_ROLES" ADD CONSTRAINT "USER_ROLE_SYSTEM_USER_FK" FOREIGN KEY ("USERS_USER_ID")
	  REFERENCES "MOH_WORKFLOW_SCHEMA"."SYSTEM_USER" ("USER_ID") ENABLE;
